Year,Total,Alliances,Fights,Kills,NaturalDeaths,Promotions,Gini,L1_Count,L1_Courage,L2_Count,L2_Courage,L3_Count,L3_Courage,L4_Count,L4_Courage,L5_Count,L5_Courage,L6_Count,L6_Courage,L7_Count,L7_Courage,L8_Count,L8_Courage,L9_Count,L9_Courage,L10_Count,L10_Courage
0,12966,114,3,34,0,0,0.0046,12966,0.5014,0,0.0000,0,0.0000,0,0.0000,0,0.0000,0,0.0000,0,0.0000,0,0.0000,0,0.0000,0,0.0000
1,15906,114,5,60,0,0,0.0264,15906,0.4997,0,0.0000,0,0.0000,0,0.0000,0,0.0000,0,0.0000,0,0.0000,0,0.0000,0,0.0000,0,0.0000
2,18857,114,4,49,0,0,0.0442,18857,0.5008,0,0.0000,0,0.0000,0,0.0000,0,0.0000,0,0.0000,0,0.0000,0,0.0000,0,0.0000,0,0.0000
3,21796,114,5,61,0,0,0.0605,21796,0.5011,0,0.0000,0,0.0000,0,0.0000,0,0.0000,0,0.0000,0,0.0000,0,0.0000,0,0.0000,0,0.0000
4,24718,114,8,78,0,0,0.0758,24718,0.5007,0,0.0000,0,0.0000,0,0.0000,0,0.0000,0,0.0000,0,0.0000,0,0.0000,0,0.0000,0,0.0000
5,27633,114,8,85,0,0,0.0891,27633,0.5011,0,0.0000,0,0.0000,0,0.0000,0,0.0000,0,0.0000,0,0.0000,0,0.0000,0,0.0000,0,0.0000
6,30551,114,6,82,0,0,0.1001,30551,0.5012,0,0.0000,0,0.0000,0,0.0000,0,0.0000,0,0.0000,0,0.0000,0,0.0000,0,0.0000,0,0.0000
7,33484,114,6,67,0,0,0.1104,33484,0.5016,0,0.0000,0,0.0000,0,0.0000,0,0.0000,0,0.0000,0,0.0000,0,0.0000,0,0.0000,0,0.0000
8,36438,114,4,46,0,0,0.1194,36438,0.5024,0,0.0000,0,0.0000,0,0.0000,0,0.0000,0,0.0000,0,0.0000,0,0.0000,0,0.0000,0,0.0000
9,39403,114,4,35,0,0,0.1277,39403,0.5027,0,0.0000,0,0.0000,0,0.0000,0,0.0000,0,0.0000,0,0.0000,0,0.0000,0,0.0000,0,0.0000
10,42334,114,6,69,0,0,0.1356,42334,0.5024,0,0.0000,0,0.0000,0,0.0000,0,0.0000,0,0.0000,0,0.0000,0,0.0000,0,0.0000,0,0.0000
11,45280,114,5,54,0,0,0.1428,45280,0.5020,0,0.0000,0,0.0000,0,0.0000,0,0.0000,0,0.0000,0,0.0000,0,0.0000,0,0.0000,0,0.0000
12,48168,114,11,112,0,0,0.1501,48168,0.5013,0,0.0000,0,0.0000,0,0.0000,0,0.0000,0,0.0000,0,0.0000,0,0.0000,0,0.0000,0,0.0000
13,51069,114,9,99,0,0,0.1566,51069,0.4961,0,0.0000,0,0.0000,0,0.0000,0,0.0000,0,0.0000,0,0.0000,0,0.0000,0,0.0000,0,0.0000
14,54032,114,4,37,0,0,0.1622,54032,0.4967,0,0.0000,0,0.0000,0,0.0000,0,0.0000,0,0.0000,0,0.0000,0,0.0000,0,0.0000,0,0.0000
15,56931,114,10,101,0,0,0.1680,56931,0.4959,0,0.0000,0,0.0000,0,0.0000,0,0.0000,0,0.0000,0,0.0000,0,0.0000,0,0.0000,0,0.0000
16,59894,114,5,37,0,0,0.1730,59894,0.4936,0,0.0000,0,0.0000,0,0.0000,0,0.0000,0,0.0000,0,0.0000,0,0.0000,0,0.0000,0,0.0000
17,62860,114,4,34,0,0,0.1777,62860,0.4926,0,0.0000,0,0.0000,0,0.0000,0,0.0000,0,0.0000,0,0.0000,0,0.0000,0,0.0000,0,0.0000
18,65827,114,4,33,0,55,0.1820,65772,0.4920,55,0.5025,0,0.0000,0,0.0000,0,0.0000,0,0.0000,0,0.0000,0,0.0000,0,0.0000,0,0.0000
19,68758,114,8,69,0,32,0.1865,68671,0.4900,87,0.5054,0,0.0000,0,0.0000,0,0.0000,0,0.0000,0,0.0000,0,0.0000,0,0.0000,0,0.0000
20,71711,114,4,47,0,195,0.1904,71429,0.4898,282,0.5008,0,0.0000,0,0.0000,0,0.0000,0,0.0000,0,0.0000,0,0.0000,0,0.0000,0,0.0000
21,74654,114,6,57,0,38,0.1945,74336,0.4892,318,0.4980,0,0.0000,0,0.0000,0,0.0000,0,0.0000,0,0.0000,0,0.0000,0,0.0000,0,0.0000
22,77617,114,4,37,0,853,0.1979,76446,0.4886,1171,0.5045,0,0.0000,0,0.0000,0,0.0000,0,0.0000,0,0.0000,0,0.0000,0,0.0000,0,0.0000
23,80569,114,7,48,0,1359,0.2019,78040,0.4871,2529,0.5041,0,0.0000,0,0.0000,0,0.0000,0,0.0000,0,0.0000,0,0.0000,0,0.0000,0,0.0000
24,83505,114,7,64,0,438,0.2062,80541,0.4861,2964,0.5020,0,0.0000,0,0.0000,0,0.0000,0,0.0000,0,0.0000,0,0.0000,0,0.0000,0,0.0000
25,86445,114,6,60,0,799,0.2103,82689,0.4848,3756,0.5011,0,0.0000,0,0.0000,0,0.0000,0,0.0000,0,0.0000,0,0.0000,0,0.0000,0,0.0000
26,89398,114,6,47,0,2017,0.2142,83635,0.4845,5763,0.5042,0,0.0000,0,0.0000,0,0.0000,0,0.0000,0,0.0000,0,0.0000,0,0.0000,0,0.0000
27,92340,114,8,58,0,1009,0.2188,85578,0.4857,6762,0.5063,0,0.0000,0,0.0000,0,0.0000,0,0.0000,0,0.0000,0,0.0000,0,0.0000,0,0.0000
28,95309,114,4,31,0,3026,0.2229,85526,0.4849,9783,0.5062,0,0.0000,0,0.0000,0,0.0000,0,0.0000,0,0.0000,0,0.0000,0,0.0000,0,0.0000
29,98218,114,10,90,1,920,0.2279,87565,0.4886,10653,0.5103,0,0.0000,0,0.0000,0,0.0000,0,0.0000,0,0.0000,0,0.0000,0,0.0000,0,0.0000
30,101184,114,4,34,0,1585,0.2326,88965,0.4952,12219,0.5160,0,0.0000,0,0.0000,0,0.0000,0,0.0000,0,0.0000,0,0.0000,0,0.0000,0,0.0000
31,104178,114,1,3,2,2448,0.2371,89513,0.4998,14665,0.5229,0,0.0000,0,0.0000,0,0.0000,0,0.0000,0,0.0000,0,0.0000,0,0.0000,0,0.0000
32,107153,114,3,17,5,2240,0.2417,90262,0.5074,16891,0.5305,0,0.0000,0,0.0000,0,0.0000,0,0.0000,0,0.0000,0,0.0000,0,0.0000,0,0.0000
33,110083,114,6,56,5,2301,0.2464,90933,0.5107,19150,0.5358,0,0.0000,0,0.0000,0,0.0000,0,0.0000,0,0.0000,0,0.0000,0,0.0000,0,0.0000
34,113042,114,3,19,13,2609,0.2510,91295,0.5141,21747,0.5397,0,0.0000,0,0.0000,0,0.0000,0,0.0000,0,0.0000,0,0.0000,0,0.0000,0,0.0000
35,115951,114,5,39,38,2286,0.2558,91947,0.5154,24004,0.5409,0,0.0000,0,0.0000,0,0.0000,0,0.0000,0,0.0000,0,0.0000,0,0.0000,0,0.0000
36,118799,114,1,8,79,2495,0.2605,92307,0.5156,26492,0.5414,0,0.0000,0,0.0000,0,0.0000,0,0.0000,0,0.0000,0,0.0000,0,0.0000,0,0.0000
37,121530,114,3,19,170,2664,0.2652,92392,0.5141,29138,0.5421,0,0.0000,0,0.0000,0,0.0000,0,0.0000,0,0.0000,0,0.0000,0,0.0000,0,0.0000
38,124237,114,6,30,156,2249,0.2700,92877,0.5133,31360,0.5418,0,0.0000,0,0.0000,0,0.0000,0,0.0000,0,0.0000,0,0.0000,0,0.0000,0,0.0000
39,126824,114,3,19,203,2243,0.2748,93237,0.5122,33587,0.5416,0,0.0000,0,0.0000,0,0.0000,0,0.0000,0,0.0000,0,0.0000,0,0.0000,0,0.0000
40,129138,114,2,15,553,2424,0.2799,93142,0.5108,35996,0.5398,0,0.0000,0,0.0000,0,0.0000,0,0.0000,0,0.0000,0,0.0000,0,0.0000,0,0.0000
41,131449,114,8,54,623,2331,0.2848,93176,0.5094,38273,0.5381,0,0.0000,0,0.0000,0,0.0000,0,0.0000,0,0.0000,0,0.0000,0,0.0000,0,0.0000
42,133725,114,9,48,473,2438,0.2896,93062,0.5092,40663,0.5372,0,0.0000,0,0.0000,0,0.0000,0,0.0000,0,0.0000,0,0.0000,0,0.0000,0,0.0000
43,136003,114,4,26,606,2421,0.2943,92945,0.5068,43058,0.5364,0,0.0000,0,0.0000,0,0.0000,0,0.0000,0,0.0000,0,0.0000,0,0.0000,0,0.0000
44,138341,114,5,36,371,2468,0.2987,92851,0.5063,45490,0.5349,0,0.0000,0,0.0000,0,0.0000,0,0.0000,0,0.0000,0,0.0000,0,0.0000,0,0.0000
45,140756,114,4,35,464,2465,0.3029,92836,0.5029,47920,0.5358,0,0.0000,0,0.0000,0,0.0000,0,0.0000,0,0.0000,0,0.0000,0,0.0000,0,0.0000
46,142882,114,8,38,332,1995,0.3073,93005,0.5018,49877,0.5357,0,0.0000,0,0.0000,0,0.0000,0,0.0000,0,0.0000,0,0.0000,0,0.0000,0,0.0000
47,145033,114,8,38,519,2469,0.3116,92725,0.4991,52308,0.5344,0,0.0000,0,0.0000,0,0.0000,0,0.0000,0,0.0000,0,0.0000,0,0.0000,0,0.0000
48,147525,114,7,37,99,2497,0.3152,92757,0.4975,54768,0.5329,0,0.0000,0,0.0000,0,0.0000,0,0.0000,0,0.0000,0,0.0000,0,0.0000,0,0.0000
49,150025,114,6,30,275,2431,0.3187,92856,0.4965,57169,0.5318,0,0.0000,0,0.0000,0,0.0000,0,0.0000,0,0.0000,0,0.0000,0,0.0000,0,0.0000
50,151802,391,27,827,325,4282,0.3188,90585,0.4910,61217,0.5332,0,0.0000,0,0.0000,0,0.0000,0,0.0000,0,0.0000,0,0.0000,0,0.0000,0,0.0000
51,153744,391,20,659,369,4142,0.3204,88594,0.4927,65150,0.5335,0,0.0000,0,0.0000,0,0.0000,0,0.0000,0,0.0000,0,0.0000,0,0.0000,0,0.0000
52,155248,391,24,784,561,4384,0.3223,85997,0.4895,69251,0.5346,0,0.0000,0,0.0000,0,0.0000,0,0.0000,0,0.0000,0,0.0000,0,0.0000,0,0.0000
53,157113,391,16,467,559,3960,0.3248,84104,0.4867,73009,0.5355,0,0.0000,0,0.0000,0,0.0000,0,0.0000,0,0.0000,0,0.0000,0,0.0000,0,0.0000
54,159211,391,17,469,308,3399,0.3274,83010,0.4834,76201,0.5368,0,0.0000,0,0.0000,0,0.0000,0,0.0000,0,0.0000,0,0.0000,0,0.0000,0,0.0000
55,161211,391,20,591,330,4528,0.3301,80749,0.4808,80462,0.5367,0,0.0000,0,0.0000,0,0.0000,0,0.0000,0,0.0000,0,0.0000,0,0.0000,0,0.0000
56,163083,391,23,724,254,4144,0.3333,78827,0.4777,84256,0.5368,0,0.0000,0,0.0000,0,0.0000,0,0.0000,0,0.0000,0,0.0000,0,0.0000,0,0.0000
57,165452,391,17,462,95,3648,0.3357,77765,0.4749,87687,0.5377,0,0.0000,0,0.0000,0,0.0000,0,0.0000,0,0.0000,0,0.0000,0,0.0000,0,0.0000
58,167730,391,15,441,56,3511,0.3379,76758,0.4721,90972,0.5381,0,0.0000,0,0.0000,0,0.0000,0,0.0000,0,0.0000,0,0.0000,0,0.0000,0,0.0000
59,169710,391,23,629,147,3878,0.3405,75236,0.4685,94474,0.5380,0,0.0000,0,0.0000,0,0.0000,0,0.0000,0,0.0000,0,0.0000,0,0.0000,0,0.0000
60,171773,391,16,456,103,3003,0.3434,74558,0.4664,97215,0.5387,0,0.0000,0,0.0000,0,0.0000,0,0.0000,0,0.0000,0,0.0000,0,0.0000,0,0.0000
61,173762,391,21,572,120,3624,0.3460,73292,0.4608,100469,0.5386,1,0.5915,0,0.0000,0,0.0000,0,0.0000,0,0.0000,0,0.0000,0,0.0000,0,0.0000
62,176134,391,11,330,88,2799,0.3485,73073,0.4606,103056,0.5391,5,0.5822,0,0.0000,0,0.0000,0,0.0000,0,0.0000,0,0.0000,0,0.0000,0,0.0000
63,178247,391,17,468,261,2991,0.3509,72499,0.4562,105743,0.5388,5,0.5822,0,0.0000,0,0.0000,0,0.0000,0,0.0000,0,0.0000,0,0.0000,0,0.0000
64,180331,391,20,497,254,2830,0.3537,72132,0.4539,108160,0.5386,39,0.6280,0,0.0000,0,0.0000,0,0.0000,0,0.0000,0,0.0000,0,0.0000,0,0.0000
65,182169,391,27,736,225,3346,0.3564,71158,0.4504,110955,0.5390,56,0.6196,0,0.0000,0,0.0000,0,0.0000,0,0.0000,0,0.0000,0,0.0000,0,0.0000
66,184391,391,19,488,82,3318,0.3590,70496,0.4432,113793,0.5432,102,0.6214,0,0.0000,0,0.0000,0,0.0000,0,0.0000,0,0.0000,0,0.0000,0,0.0000
67,186681,391,17,438,120,2739,0.3611,70421,0.4400,116126,0.5443,134,0.6117,0,0.0000,0,0.0000,0,0.0000,0,0.0000,0,0.0000,0,0.0000,0,0.0000
68,188881,391,21,508,119,2233,0.3633,70868,0.4406,117826,0.5432,187,0.6075,0,0.0000,0,0.0000,0,0.0000,0,0.0000,0,0.0000,0,0.0000,0,0.0000
69,191196,391,16,397,149,2093,0.3652,71498,0.4408,119445,0.5428,253,0.6116,0,0.0000,0,0.0000,0,0.0000,0,0.0000,0,0.0000,0,0.0000,0,0.0000
70,193539,391,18,420,100,1494,0.3674,72836,0.4417,120324,0.5426,379,0.6095,0,0.0000,0,0.0000,0,0.0000,0,0.0000,0,0.0000,0,0.0000,0,0.0000
71,195848,391,18,441,120,1753,0.3693,73916,0.4427,121439,0.5428,493,0.6044,0,0.0000,0,0.0000,0,0.0000,0,0.0000,0,0.0000,0,0.0000,0,0.0000
72,198221,391,17,414,126,1506,0.3715,75382,0.4435,122112,0.5421,727,0.6043,0,0.0000,0,0.0000,0,0.0000,0,0.0000,0,0.0000,0,0.0000,0,0.0000
73,200632,391,14,327,139,1472,0.3735,76890,0.4440,122727,0.5420,1015,0.5963,0,0.0000,0,0.0000,0,0.0000,0,0.0000,0,0.0000,0,0.0000,0,0.0000
74,202964,391,16,395,137,1498,0.3758,78471,0.4452,123095,0.5412,1398,0.5729,0,0.0000,0,0.0000,0,0.0000,0,0.0000,0,0.0000,0,0.0000,0,0.0000
75,205368,391,14,346,129,1392,0.3778,80182,0.4461,123407,0.5416,1779,0.5636,0,0.0000,0,0.0000,0,0.0000,0,0.0000,0,0.0000,0,0.0000,0,0.0000
76,207791,391,18,409,98,2257,0.3799,81350,0.4466,124055,0.5410,2386,0.5601,0,0.0000,0,0.0000,0,0.0000,0,0.0000,0,0.0000,0,0.0000,0,0.0000
77,210251,391,15,318,91,2091,0.3820,82710,0.4466,124470,0.5409,3071,0.5554,0,0.0000,0,0.0000,0,0.0000,0,0.0000,0,0.0000,0,0.0000,0,0.0000
78,212623,391,17,379,127,1844,0.3841,84237,0.4466,124683,0.5412,3703,0.5497,0,0.0000,0,0.0000,0,0.0000,0,0.0000,0,0.0000,0,0.0000,0,0.0000
79,214979,391,21,466,84,2003,0.3862,85840,0.4464,124649,0.5412,4490,0.5447,0,0.0000,0,0.0000,0,0.0000,0,0.0000,0,0.0000,0,0.0000,0,0.0000
80,217462,391,18,361,82,2062,0.3882,87510,0.4460,124568,0.5415,5384,0.5415,0,0.0000,0,0.0000,0,0.0000,0,0.0000,0,0.0000,0,0.0000,0,0.0000
81,219877,391,18,381,92,3497,0.3903,88018,0.4453,125274,0.5418,6585,0.5432,0,0.0000,0,0.0000,0,0.0000,0,0.0000,0,0.0000,0,0.0000,0,0.0000
82,222293,391,19,403,86,3347,0.3925,88559,0.4442,126099,0.5423,7635,0.5414,0,0.0000,0,0.0000,0,0.0000,0,0.0000,0,0.0000,0,0.0000,0,0.0000
83,224786,391,17,339,57,3379,0.3945,89085,0.4431,126997,0.5419,8704,0.5389,0,0.0000,0,0.0000,0,0.0000,0,0.0000,0,0.0000,0,0.0000,0,0.0000
84,227272,391,18,408,48,3532,0.3966,89710,0.4423,127634,0.5423,9928,0.5361,0,0.0000,0,0.0000,0,0.0000,0,0.0000,0,0.0000,0,0.0000,0,0.0000
85,229749,391,21,413,45,3730,0.3985,90304,0.4413,128101,0.5427,11344,0.5377,0,0.0000,0,0.0000,0,0.0000,0,0.0000,0,0.0000,0,0.0000,0,0.0000
86,232322,391,13,307,54,3659,0.4003,90959,0.4404,128611,0.5427,12752,0.5363,0,0.0000,0,0.0000,0,0.0000,0,0.0000,0,0.0000,0,0.0000,0,0.0000
87,234774,391,20,466,42,3869,0.4022,91595,0.4392,128875,0.5428,14304,0.5333,0,0.0000,0,0.0000,0,0.0000,0,0.0000,0,0.0000,0,0.0000,0,0.0000
88,236828,391,24,492,40,3923,0.4042,91864,0.4389,129048,0.5428,15916,0.5330,0,0.0000,0,0.0000,0,0.0000,0,0.0000,0,0.0000,0,0.0000,0,0.0000
89,238859,391,17,319,28,3827,0.4058,91969,0.4389,129420,0.5429,17470,0.5334,0,0.0000,0,0.0000,0,0.0000,0,0.0000,0,0.0000,0,0.0000,0,0.0000
90,240566,391,23,453,338,4109,0.4075,91873,0.4390,129409,0.5430,19284,0.5305,0,0.0000,0,0.0000,0,0.0000,0,0.0000,0,0.0000,0,0.0000,0,0.0000
91,242316,391,19,387,138,4185,0.4092,91827,0.4391,129271,0.5446,21217,0.5302,1,0.5953,0,0.0000,0,0.0000,0,0.0000,0,0.0000,0,0.0000,0,0.0000
92,244019,391,17,349,226,4187,0.4106,91677,0.4398,129177,0.5454,23164,0.5287,1,0.5853,0,0.0000,0,0.0000,0,0.0000,0,0.0000,0,0.0000,0,0.0000
93,246000,391,15,305,25,4194,0.4120,91732,0.4401,129184,0.5455,25077,0.5283,7,0.5358,0,0.0000,0,0.0000,0,0.0000,0,0.0000,0,0.0000,0,0.0000
94,247881,391,19,372,53,4142,0.4134,91777,0.4400,129156,0.5462,26938,0.5269,10,0.5413,0,0.0000,0,0.0000,0,0.0000,0,0.0000,0,0.0000,0,0.0000
95,249881,391,13,231,70,4185,0.4148,91786,0.4401,129240,0.5467,28838,0.5264,17,0.5522,0,0.0000,0,0.0000,0,0.0000,0,0.0000,0,0.0000,0,0.0000
96,251942,391,10,195,41,4276,0.4160,91797,0.4402,129299,0.5484,30824,0.5248,22,0.5449,0,0.0000,0,0.0000,0,0.0000,0,0.0000,0,0.0000,0,0.0000
97,253904,391,20,405,45,4631,0.4176,91843,0.4400,128997,0.5480,33036,0.5232,28,0.5507,0,0.0000,0,0.0000,0,0.0000,0,0.0000,0,0.0000,0,0.0000
98,255639,391,22,447,81,4899,0.4192,91739,0.4399,128330,0.5495,35535,0.5233,35,0.5510,0,0.0000,0,0.0000,0,0.0000,0,0.0000,0,0.0000,0,0.0000
99,257439,391,18,329,179,4609,0.4207,91590,0.4399,128076,0.5498,37692,0.5240,81,0.5778,0,0.0000,0,0.0000,0,0.0000,0,0.0000,0,0.0000,0,0.0000
100,259115,500,16,631,35,8093,0.4198,88435,0.4390,130101,0.5485,40455,0.5231,124,0.5833,0,0.0000,0,0.0000,0,0.0000,0,0.0000,0,0.0000,0,0.0000
101,260687,500,18,677,64,8495,0.4187,85084,0.4392,131962,0.5466,43450,0.5221,191,0.5846,0,0.0000,0,0.0000,0,0.0000,0,0.0000,0,0.0000,0,0.0000
102,261821,500,29,1136,75,10868,0.4166,79860,0.4388,134684,0.5438,46990,0.5210,287,0.5880,0,0.0000,0,0.0000,0,0.0000,0,0.0000,0,0.0000,0,0.0000
103,262906,500,33,1250,46,10265,0.4146,75417,0.4390,136563,0.5415,50458,0.5212,468,0.5906,0,0.0000,0,0.0000,0,0.0000,0,0.0000,0,0.0000,0,0.0000
104,264420,500,24,857,72,8323,0.4135,72923,0.4401,137206,0.5425,53580,0.5218,711,0.5911,0,0.0000,0,0.0000,0,0.0000,0,0.0000,0,0.0000,0,0.0000
105,266214,500,18,611,84,6991,0.4130,71515,0.4407,137373,0.5420,56354,0.5216,972,0.5957,0,0.0000,0,0.0000,0,0.0000,0,0.0000,0,0.0000,0,0.0000
106,267617,500,27,988,66,7925,0.4120,69455,0.4408,137617,0.5405,59150,0.5209,1395,0.5941,0,0.0000,0,0.0000,0,0.0000,0,0.0000,0,0.0000,0,0.0000
107,269009,500,29,1016,85,7934,0.4113,67662,0.4410,137640,0.5395,61721,0.5207,1986,0.5921,0,0.0000,0,0.0000,0,0.0000,0,0.0000,0,0.0000,0,0.0000
108,270407,500,32,1094,102,8056,0.4107,65962,0.4409,137474,0.5386,64346,0.5212,2625,0.5840,0,0.0000,0,0.0000,0,0.0000,0,0.0000,0,0.0000,0,0.0000
109,272215,500,22,744,59,6329,0.4109,65701,0.4411,136693,0.5401,66488,0.5225,3332,0.5602,1,0.5771,0,0.0000,0,0.0000,0,0.0000,0,0.0000,0,0.0000
110,274086,500,19,620,114,5768,0.4113,65942,0.4419,135546,0.5388,68533,0.5237,4064,0.5441,1,0.5671,0,0.0000,0,0.0000,0,0.0000,0,0.0000,0,0.0000
111,275632,500,30,982,93,7597,0.4111,65089,0.4423,134735,0.5366,70809,0.5244,4997,0.5365,2,0.5755,0,0.0000,0,0.0000,0,0.0000,0,0.0000,0,0.0000
112,277337,500,26,845,104,6672,0.4113,64818,0.4429,133969,0.5362,72530,0.5255,6018,0.5363,2,0.5755,0,0.0000,0,0.0000,0,0.0000,0,0.0000,0,0.0000
113,279224,500,21,657,92,6154,0.4118,64918,0.4434,133174,0.5378,74091,0.5267,7039,0.5357,2,0.5705,0,0.0000,0,0.0000,0,0.0000,0,0.0000,0,0.0000
114,281074,500,22,702,93,5874,0.4124,65487,0.4438,131896,0.5366,75481,0.5282,8205,0.5323,5,0.5824,0,0.0000,0,0.0000,0,0.0000,0,0.0000,0,0.0000
115,282886,500,24,777,98,6346,0.4128,65942,0.4443,130651,0.5357,76568,0.5297,9719,0.5300,6,0.5921,0,0.0000,0,0.0000,0,0.0000,0,0.0000,0,0.0000
116,284925,500,18,576,110,4920,0.4138,67213,0.4449,129256,0.5356,77537,0.5307,10911,0.5276,8,0.5824,0,0.0000,0,0.0000,0,0.0000,0,0.0000,0,0.0000
117,286681,500,26,812,107,6185,0.4144,67684,0.4454,128142,0.5354,78518,0.5318,12326,0.5251,11,0.5563,0,0.0000,0,0.0000,0,0.0000,0,0.0000,0,0.0000
118,288682,500,20,627,100,5416,0.4153,68668,0.4458,126987,0.5364,79329,0.5329,13681,0.5242,17,0.5620,0,0.0000,0,0.0000,0,0.0000,0,0.0000,0,0.0000
119,290671,500,22,664,94,5540,0.4163,69681,0.4461,125844,0.5356,79881,0.5342,15241,0.5232,24,0.5637,0,0.0000,0,0.0000,0,0.0000,0,0.0000,0,0.0000
120,292730,500,23,632,56,5613,0.4171,70772,0.4463,124508,0.5353,80705,0.5352,16710,0.5222,35,0.5647,0,0.0000,0,0.0000,0,0.0000,0,0.0000,0,0.0000
121,294801,500,22,654,59,5520,0.4184,72237,0.4465,122774,0.5357,81418,0.5365,18322,0.5209,50,0.5716,0,0.0000,0,0.0000,0,0.0000,0,0.0000,0,0.0000
122,296835,500,23,686,69,5603,0.4195,73822,0.4472,120744,0.5363,82212,0.5382,19990,0.5206,67,0.5733,0,0.0000,0,0.0000,0,0.0000,0,0.0000,0,0.0000
123,298935,500,22,629,67,5274,0.4209,75673,0.4473,118507,0.5355,83046,0.5401,21615,0.5202,94,0.5636,0,0.0000,0,0.0000,0,0.0000,0,0.0000,0,0.0000
124,301018,500,23,638,73,5420,0.4221,77472,0.4477,116460,0.5353,83470,0.5416,23497,0.5198,119,0.5724,0,0.0000,0,0.0000,0,0.0000,0,0.0000,0,0.0000
125,303005,500,29,777,69,6237,0.4233,79184,0.4481,114137,0.5350,83915,0.5432,25608,0.5190,161,0.5739,0,0.0000,0,0.0000,0,0.0000,0,0.0000,0,0.0000
126,305161,500,22,633,65,5797,0.4249,80826,0.4478,112283,0.5353,84375,0.5453,27471,0.5185,206,0.5776,0,0.0000,0,0.0000,0,0.0000,0,0.0000,0,0.0000
127,307200,500,26,719,69,6414,0.4263,82245,0.4476,110414,0.5357,84717,0.5467,29540,0.5187,284,0.5853,0,0.0000,0,0.0000,0,0.0000,0,0.0000,0,0.0000
128,309341,500,25,666,56,6552,0.4278,83783,0.4475,108432,0.5350,85031,0.5483,31755,0.5175,340,0.5843,0,0.0000,0,0.0000,0,0.0000,0,0.0000,0,0.0000
129,311338,500,30,807,62,6947,0.4299,85500,0.4469,105945,0.5352,85348,0.5497,34054,0.5176,491,0.5936,0,0.0000,0,0.0000,0,0.0000,0,0.0000,0,0.0000
130,313397,500,27,743,62,6244,0.4315,87142,0.4471,104053,0.5349,85424,0.5516,36168,0.5179,610,0.5872,0,0.0000,0,0.0000,0,0.0000,0,0.0000,0,0.0000
131,315336,500,32,853,69,8463,0.4333,87647,0.4460,102488,0.5340,86107,0.5538,38244,0.5171,850,0.5854,0,0.0000,0,0.0000,0,0.0000,0,0.0000,0,0.0000
132,317575,500,22,596,66,7521,0.4351,88285,0.4451,101862,0.5344,85914,0.5564,40439,0.5175,1075,0.5861,0,0.0000,0,0.0000,0,0.0000,0,0.0000,0,0.0000
133,319749,500,24,600,75,8027,0.4370,88825,0.4441,100893,0.5315,86100,0.5593,42571,0.5168,1360,0.5896,0,0.0000,0,0.0000,0,0.0000,0,0.0000,0,0.0000
134,322086,500,19,449,77,7506,0.4390,89429,0.4434,100371,0.5301,85977,0.5615,44615,0.5165,1694,0.5903,0,0.0000,0,0.0000,0,0.0000,0,0.0000,0,0.0000
135,324344,500,21,559,80,7764,0.4410,90095,0.4425,99514,0.5280,86136,0.5634,46525,0.5161,2074,0.5651,0,0.0000,0,0.0000,0,0.0000,0,0.0000,0,0.0000
136,326705,500,20,489,39,7478,0.4428,90779,0.4413,98792,0.5267,86477,0.5652,48201,0.5164,2456,0.5509,0,0.0000,0,0.0000,0,0.0000,0,0.0000,0,0.0000
137,329002,500,20,552,47,7727,0.4449,91486,0.4405,97979,0.5254,86618,0.5671,50005,0.5172,2914,0.5467,0,0.0000,0,0.0000,0,0.0000,0,0.0000,0,0.0000
138,331001,500,23,500,33,8081,0.4469,91830,0.4405,97284,0.5242,86535,0.5686,51745,0.5180,3607,0.5402,0,0.0000,0,0.0000,0,0.0000,0,0.0000,0,0.0000
139,332648,500,23,564,26,8341,0.4484,91811,0.4406,96540,0.5218,86369,0.5698,53644,0.5188,4284,0.5382,0,0.0000,0,0.0000,0,0.0000,0,0.0000,0,0.0000
140,334142,500,23,497,356,8457,0.4495,91600,0.4410,95494,0.5201,86734,0.5713,55355,0.5191,4959,0.5352,0,0.0000,0,0.0000,0,0.0000,0,0.0000,0,0.0000
141,336328,500,15,326,56,7657,0.4512,91892,0.4405,95352,0.5191,86344,0.5731,57172,0.5196,5568,0.5317,0,0.0000,0,0.0000,0,0.0000,0,0.0000,0,0.0000
142,337992,500,20,457,166,8147,0.4524,91860,0.4406,94584,0.5175,86531,0.5748,58688,0.5197,6329,0.5303,0,0.0000,0,0.0000,0,0.0000,0,0.0000,0,0.0000
143,339289,500,25,581,414,8254,0.4536,91483,0.4414,93911,0.5159,86589,0.5758,60195,0.5201,7111,0.5274,0,0.0000,0,0.0000,0,0.0000,0,0.0000,0,0.0000
144,341001,500,22,475,81,8273,0.4548,91505,0.4418,93311,0.5144,86459,0.5772,61695,0.5211,8031,0.5256,0,0.0000,0,0.0000,0,0.0000,0,0.0000,0,0.0000
145,342809,500,19,425,82,7737,0.4561,91557,0.4415,92984,0.5133,86339,0.5781,63093,0.5219,8836,0.5235,0,0.0000,0,0.0000,0,0.0000,0,0.0000,0,0.0000
146,344555,500,21,443,96,7475,0.4573,91572,0.4413,92744,0.5124,86436,0.5796,63995,0.5222,9808,0.5218,0,0.0000,0,0.0000,0,0.0000,0,0.0000,0,0.0000
147,346251,500,26,593,97,8601,0.4588,91610,0.4410,92011,0.5106,86556,0.5804,65145,0.5231,10929,0.5220,0,0.0000,0,0.0000,0,0.0000,0,0.0000,0,0.0000
148,348305,500,14,336,57,7563,0.4600,91860,0.4407,91917,0.5092,86333,0.5821,66239,0.5241,11956,0.5213,0,0.0000,0,0.0000,0,0.0000,0,0.0000,0,0.0000
149,349887,500,24,486,185,8445,0.4611,91767,0.4410,91422,0.5066,86215,0.5827,67228,0.5249,13255,0.5193,0,0.0000,0,0.0000,0,0.0000,0,0.0000,0,0.0000
150,350844,500,24,1070,248,15399,0.4595,86977,0.4404,94326,0.5022,85477,0.5827,68798,0.5272,15266,0.5198,0,0.0000,0,0.0000,0,0.0000,0,0.0000,0,0.0000
151,352264,500,17,793,84,12315,0.4586,83903,0.4408,96622,0.4987,84625,0.5842,70230,0.5291,16884,0.5183,0,0.0000,0,0.0000,0,0.0000,0,0.0000,0,0.0000
152,354213,500,17,722,56,11921,0.4582,81820,0.4403,98226,0.4959,84187,0.5849,71354,0.5304,18626,0.5180,0,0.0000,0,0.0000,0,0.0000,0,0.0000,0,0.0000
153,355550,500,23,980,76,14233,0.4569,78636,0.4407,99976,0.4917,83552,0.5852,72492,0.5321,20894,0.5177,0,0.0000,0,0.0000,0,0.0000,0,0.0000,0,0.0000
154,356598,500,23,1028,371,13382,0.4554,75630,0.4412,101689,0.4890,82504,0.5855,73614,0.5345,23161,0.5171,0,0.0000,0,0.0000,0,0.0000,0,0.0000,0,0.0000
155,357748,500,28,1211,89,15323,0.4539,72289,0.4415,103148,0.4857,81809,0.5844,74952,0.5371,25550,0.5163,0,0.0000,0,0.0000,0,0.0000,0,0.0000,0,0.0000
156,359183,500,21,945,79,12013,0.4529,70896,0.4416,103279,0.4838,81374,0.5853,75939,0.5390,27695,0.5167,0,0.0000,0,0.0000,0,0.0000,0,0.0000,0,0.0000
157,360792,500,23,987,70,12773,0.4520,69477,0.4420,103651,0.4810,80814,0.5853,76686,0.5412,30164,0.5161,0,0.0000,0,0.0000,0,0.0000,0,0.0000,0,0.0000
158,362373,500,22,846,93,12234,0.4510,68672,0.4421,103215,0.4796,80561,0.5841,77092,0.5432,32833,0.5163,0,0.0000,0,0.0000,0,0.0000,0,0.0000,0,0.0000
159,363809,500,22,884,202,12374,0.4501,67565,0.4430,103075,0.4788,80133,0.5795,77662,0.5450,35374,0.5163,0,0.0000,0,0.0000,0,0.0000,0,0.0000,0,0.0000
160,365611,500,17,683,77,10516,0.4500,67513,0.4434,102383,0.4782,79933,0.5766,78082,0.5466,37700,0.5169,0,0.0000,0,0.0000,0,0.0000,0,0.0000,0,0.0000
161,367447,500,18,728,76,10407,0.4500,67291,0.4438,102356,0.4777,79149,0.5737,78710,0.5485,39941,0.5171,0,0.0000,0,0.0000,0,0.0000,0,0.0000,0,0.0000
162,369433,500,15,582,63,9292,0.4502,67782,0.4446,101766,0.4773,78766,0.5719,78922,0.5497,42197,0.5178,0,0.0000,0,0.0000,0,0.0000,0,0.0000,0,0.0000
163,370944,500,28,1069,70,13820,0.4496,67176,0.4447,100362,0.4741,78874,0.5695,79297,0.5517,45235,0.5180,0,0.0000,0,0.0000,0,0.0000,0,0.0000,0,0.0000
164,372406,500,32,1130,75,13140,0.4484,66824,0.4454,99372,0.4734,78226,0.5660,79718,0.5538,48266,0.5186,0,0.0000,0,0.0000,0,0.0000,0,0.0000,0,0.0000
165,373793,500,32,1223,58,13516,0.4474,66594,0.4456,97812,0.4729,77912,0.5606,80009,0.5560,51466,0.5199,0,0.0000,0,0.0000,0,0.0000,0,0.0000,0,0.0000
166,375678,500,22,803,65,10529,0.4477,67565,0.4464,96037,0.4728,77717,0.5590,80257,0.5578,54102,0.5207,0,0.0000,0,0.0000,0,0.0000,0,0.0000,0,0.0000
167,377502,500,23,800,89,10429,0.4477,68407,0.4467,94515,0.4728,77543,0.5561,80223,0.5596,56814,0.5206,0,0.0000,0,0.0000,0,0.0000,0,0.0000,0,0.0000
168,379470,500,19,634,101,9836,0.4481,69463,0.4476,92901,0.4729,77448,0.5535,80253,0.5610,59405,0.5220,0,0.0000,0,0.0000,0,0.0000,0,0.0000,0,0.0000
169,381255,500,24,873,66,10262,0.4482,70387,0.4483,91348,0.4721,76962,0.5506,80648,0.5626,61910,0.5222,0,0.0000,0,0.0000,0,0.0000,0,0.0000,0,0.0000
170,383091,500,24,862,62,10122,0.4480,71482,0.4486,89682,0.4716,76590,0.5477,80890,0.5642,64447,0.5226,0,0.0000,0,0.0000,0,0.0000,0,0.0000,0,0.0000
171,384741,500,31,1079,55,12511,0.4480,72606,0.4486,86951,0.4706,76589,0.5446,80687,0.5654,67908,0.5240,0,0.0000,0,0.0000,0,0.0000,0,0.0000,0,0.0000
172,386523,500,27,952,57,10943,0.4485,74140,0.4489,84377,0.4707,76342,0.5420,80838,0.5674,70826,0.5246,0,0.0000,0,0.0000,0,0.0000,0,0.0000,0,0.0000
173,388525,500,22,744,70,9474,0.4489,75871,0.4491,82057,0.4711,76358,0.5404,80952,0.5692,73287,0.5246,0,0.0000,0,0.0000,0,0.0000,0,0.0000,0,0.0000
174,390669,500,19,620,60,8973,0.4497,77688,0.4494,80022,0.4714,76347,0.5386,80753,0.5698,75859,0.5255,0,0.0000,0,0.0000,0,0.0000,0,0.0000,0,0.0000
175,392558,500,28,907,52,10877,0.4504,79504,0.4498,77370,0.4704,75932,0.5359,80872,0.5710,78880,0.5263,0,0.0000,0,0.0000,0,0.0000,0,0.0000,0,0.0000
176,394736,500,19,607,58,9574,0.4514,80952,0.4496,75773,0.4711,75869,0.5346,80489,0.5730,81653,0.5267,0,0.0000,0,0.0000,0,0.0000,0,0.0000,0,0.0000
177,396900,500,20,639,63,9693,0.4526,82520,0.4495,74143,0.4714,75591,0.5328,80201,0.5742,84445,0.5271,0,0.0000,0,0.0000,0,0.0000,0,0.0000,0,0.0000
178,399034,500,22,690,38,9078,0.4535,84138,0.4494,72707,0.4710,74989,0.5314,80229,0.5761,86971,0.5277,0,0.0000,0,0.0000,0,0.0000,0,0.0000,0,0.0000
179,401076,500,24,766,51,9840,0.4542,85758,0.4492,70954,0.4705,74263,0.5291,80517,0.5781,89584,0.5284,0,0.0000,0,0.0000,0,0.0000,0,0.0000,0,0.0000
180,403256,500,21,677,60,8865,0.4555,87457,0.4491,69555,0.4706,73595,0.5282,80626,0.5797,92023,0.5290,0,0.0000,0,0.0000,0,0.0000,0,0.0000,0,0.0000
181,405373,500,24,693,61,10990,0.4566,87892,0.4484,68841,0.4710,73286,0.5249,80808,0.5811,94546,0.5295,0,0.0000,0,0.0000,0,0.0000,0,0.0000,0,0.0000
182,407184,500,30,969,93,12626,0.4579,88413,0.4474,67395,0.4720,73053,0.5219,80446,0.5821,97877,0.5307,0,0.0000,0,0.0000,0,0.0000,0,0.0000,0,0.0000
183,409414,500,20,591,56,10164,0.4585,88943,0.4463,67093,0.4727,72530,0.5213,80430,0.5846,100418,0.5312,0,0.0000,0,0.0000,0,0.0000,0,0.0000,0,0.0000
184,411652,500,21,590,56,10810,0.4597,89541,0.4452,66139,0.4733,72721,0.5176,80234,0.5858,103017,0.5316,0,0.0000,0,0.0000,0,0.0000,0,0.0000,0,0.0000
185,413882,500,20,624,57,10370,0.4611,90149,0.4444,65705,0.4739,72281,0.5154,80128,0.5877,105619,0.5324,0,0.0000,0,0.0000,0,0.0000,0,0.0000,0,0.0000
186,416195,500,19,587,27,10238,0.4623,90829,0.4433,65124,0.4739,72145,0.5125,79836,0.5899,108261,0.5327,0,0.0000,0,0.0000,0,0.0000,0,0.0000,0,0.0000
187,418472,500,24,653,7,9924,0.4638,91515,0.4424,65000,0.4744,71413,0.5103,79732,0.5900,110812,0.5332,0,0.0000,0,0.0000,0,0.0000,0,0.0000,0,0.0000
188,420771,500,16,481,21,9000,0.4651,92091,0.4416,65179,0.4755,70830,0.5101,79588,0.5913,113083,0.5336,0,0.0000,0,0.0000,0,0.0000,0,0.0000,0,0.0000
189,422453,500,23,696,11,11388,0.4659,92186,0.4411,64811,0.4758,69743,0.5070,79611,0.5911,116102,0.5345,0,0.0000,0,0.0000,0,0.0000,0,0.0000,0,0.0000
190,423586,500,23,650,578,10478,0.4667,91732,0.4419,65037,0.4771,68680,0.5050,78593,0.5927,119544,0.5355,0,0.0000,0,0.0000,0,0.0000,0,0.0000,0,0.0000
191,425287,500,26,675,126,11048,0.4672,91867,0.4418,64455,0.4778,68299,0.5013,78279,0.5931,122387,0.5358,0,0.0000,0,0.0000,0,0.0000,0,0.0000,0,0.0000
192,426619,500,29,853,102,10704,0.4678,91771,0.4417,63922,0.4785,68029,0.5004,77639,0.5932,125255,0.5370,3,0.6295,0,0.0000,0,0.0000,0,0.0000,0,0.0000
193,428033,500,24,658,280,9448,0.4686,91605,0.4423,64321,0.4795,67130,0.4985,76965,0.5944,128008,0.5379,4,0.5724,0,0.0000,0,0.0000,0,0.0000,0,0.0000
194,429551,500,26,751,59,10019,0.4694,91626,0.4419,64290,0.4808,66272,0.4953,76796,0.5938,130557,0.5390,10,0.5493,0,0.0000,0,0.0000,0,0.0000,0,0.0000
195,430888,500,32,895,85,11014,0.4701,91583,0.4422,64331,0.4819,64402,0.4902,77379,0.5929,133174,0.5398,19,0.5754,0,0.0000,0,0.0000,0,0.0000,0,0.0000
196,432780,500,14,379,45,8187,0.4710,91610,0.4422,65195,0.4832,63385,0.4889,77185,0.5953,135383,0.5407,22,0.5739,0,0.0000,0,0.0000,0,0.0000,0,0.0000
197,434388,500,24,652,61,8756,0.4717,91660,0.4421,65798,0.4844,62220,0.4851,77068,0.5946,137618,0.5409,24,0.5664,0,0.0000,0,0.0000,0,0.0000,0,0.0000
198,435914,500,26,698,70,10396,0.4726,91619,0.4420,66388,0.4859,60125,0.4818,77392,0.5932,140362,0.5419,28,0.5650,0,0.0000,0,0.0000,0,0.0000,0,0.0000
199,437492,500,24,650,70,8989,0.4736,91595,0.4420,67474,0.4864,58300,0.4797,77044,0.5907,143048,0.5428,31,0.5667,0,0.0000,0,0.0000,0,0.0000,0,0.0000
200,438509,500,24,1204,61,18199,0.4730,87065,0.4408,69819,0.4841,58117,0.4793,76460,0.5884,146986,0.5439,62,0.5523,0,0.0000,0,0.0000,0,0.0000,0,0.0000
201,439590,500,23,1177,58,18307,0.4722,82830,0.4411,71722,0.4827,58013,0.4782,75839,0.5813,151092,0.5452,94,0.5791,0,0.0000,0,0.0000,0,0.0000,0,0.0000
202,441172,500,14,696,75,12609,0.4720,80707,0.4414,73178,0.4824,57927,0.4782,75077,0.5769,154140,0.5462,143,0.5893,0,0.0000,0,0.0000,0,0.0000,0,0.0000
203,442354,500,25,1172,52,17666,0.4710,77464,0.4416,73962,0.4811,57998,0.4764,74857,0.5706,157856,0.5471,217,0.5748,0,0.0000,0,0.0000,0,0.0000,0,0.0000
204,443220,500,32,1616,48,21777,0.4694,73409,0.4410,74627,0.4790,57717,0.4761,74384,0.5633,162770,0.5483,313,0.5807,0,0.0000,0,0.0000,0,0.0000,0,0.0000
205,444316,500,25,1309,79,16487,0.4679,71427,0.4415,74108,0.4788,57649,0.4756,74519,0.5576,166189,0.5495,424,0.5826,0,0.0000,0,0.0000,0,0.0000,0,0.0000
206,445895,500,17,758,156,13185,0.4672,69983,0.4420,74417,0.4788,58049,0.4756,73294,0.5535,169634,0.5505,518,0.5326,0,0.0000,0,0.0000,0,0.0000,0,0.0000
207,447298,500,24,1056,57,16076,0.4661,68005,0.4422,74274,0.4775,58511,0.4754,72539,0.5470,173341,0.5514,628,0.5170,0,0.0000,0,0.0000,0,0.0000,0,0.0000
208,448564,500,27,1185,75,17351,0.4651,65894,0.4430,74285,0.4761,58342,0.4755,71786,0.5414,177434,0.5524,823,0.5142,0,0.0000,0,0.0000,0,0.0000,0,0.0000
209,450008,500,22,1049,79,14308,0.4642,65011,0.4425,73550,0.4765,58704,0.4753,70571,0.5374,181166,0.5534,1006,0.5147,0,0.0000,0,0.0000,0,0.0000,0,0.0000
210,451518,500,23,1022,53,13932,0.4633,64199,0.4426,72865,0.4765,58830,0.4748,70062,0.5323,184383,0.5542,1179,0.5140,0,0.0000,0,0.0000,0,0.0000,0,0.0000
211,453452,500,16,724,78,10590,0.4633,64705,0.4430,72238,0.4767,58618,0.4746,69355,0.5298,187068,0.5551,1467,0.5143,1,0.5904,0,0.0000,0,0.0000,0,0.0000
212,454896,500,28,1162,74,16095,0.4622,64099,0.4433,70475,0.4759,59459,0.4736,67836,0.5249,191293,0.5553,1731,0.5150,3,0.5707,0,0.0000,0,0.0000,0,0.0000
213,456526,500,24,941,141,13868,0.4611,64339,0.4444,68715,0.4765,59299,0.4723,67664,0.5217,194495,0.5562,2010,0.5087,4,0.5791,0,0.0000,0,0.0000,0,0.0000
214,457586,500,38,1570,69,19125,0.4589,64037,0.4449,65188,0.4753,59999,0.4713,67192,0.5166,198694,0.5564,2472,0.5089,4,0.5916,0,0.0000,0,0.0000,0,0.0000
215,459305,500,22,899,107,11721,0.4586,64648,0.4460,64120,0.4756,59465,0.4723,66775,0.5140,201362,0.5581,2929,0.5076,6,0.5801,0,0.0000,0,0.0000,0,0.0000
216,461450,500,14,546,73,8803,0.4587,65925,0.4465,63438,0.4763,59084,0.4722,65986,0.5118,203671,0.5590,3335,0.5095,11,0.6260,0,0.0000,0,0.0000,0,0.0000
217,463382,500,17,741,69,9203,0.4586,67188,0.4466,62468,0.4766,58270,0.4717,66210,0.5084,205506,0.5594,3728,0.5085,12,0.6324,0,0.0000,0,0.0000,0,0.0000
218,465222,500,22,843,77,10976,0.4583,68115,0.4468,61153,0.4757,58119,0.4726,65799,0.5049,207721,0.5598,4299,0.5103,16,0.6072,0,0.0000,0,0.0000,0,0.0000
219,466909,500,26,985,74,13632,0.4575,69091,0.4476,58578,0.4751,58519,0.4723,65044,0.5024,210832,0.5599,4830,0.5097,15,0.6070,0,0.0000,0,0.0000,0,0.0000
220,468409,500,31,1238,58,15043,0.4566,70209,0.4480,55710,0.4746,58438,0.4720,64338,0.4991,214180,0.5603,5517,0.5104,17,0.5937,0,0.0000,0,0.0000,0,0.0000
221,470110,500,27,1018,63,12124,0.4560,71854,0.4486,53622,0.4753,57215,0.4712,64626,0.4973,216470,0.5613,6302,0.5106,21,0.5831,0,0.0000,0,0.0000,0,0.0000
222,472081,500,21,780,62,9800,0.4561,73589,0.4490,52376,0.4759,56251,0.4713,64272,0.4961,218522,0.5620,7049,0.5106,22,0.5924,0,0.0000,0,0.0000,0,0.0000
223,474003,500,23,840,54,10693,0.4561,75458,0.4495,50580,0.4763,55567,0.4706,63890,0.4943,220560,0.5623,7909,0.5099,39,0.5548,0,0.0000,0,0.0000,0,0.0000
224,475659,500,28,1099,66,11863,0.4559,77273,0.4495,48525,0.4764,54314,0.4700,64138,0.4913,222491,0.5627,8826,0.5110,92,0.5461,0,0.0000,0,0.0000,0,0.0000
225,477349,500,29,1084,63,10905,0.4558,79177,0.4500,46762,0.4765,53230,0.4700,64169,0.4893,223826,0.5632,10054,0.5120,131,0.5684,0,0.0000,0,0.0000,0,0.0000
226,479117,500,28,1032,51,12031,0.4558,80716,0.4496,45532,0.4775,51906,0.4699,63605,0.4862,225917,0.5636,11297,0.5120,144,0.5536,0,0.0000,0,0.0000,0,0.0000
227,480678,500,35,1258,46,13688,0.4561,82198,0.4493,43792,0.4771,51169,0.4707,62314,0.4828,228123,0.5636,12851,0.5147,231,0.5216,0,0.0000,0,0.0000,0,0.0000
228,482688,500,24,853,59,10354,0.4567,83814,0.4488,42916,0.4788,50683,0.4713,61064,0.4813,229865,0.5626,14079,0.5139,267,0.5274,0,0.0000,0,0.0000,0,0.0000
229,484349,500,33,1152,45,12518,0.4566,85439,0.4486,41681,0.4787,49169,0.4701,60618,0.4812,231390,0.5614,15754,0.5149,298,0.5242,0,0.0000,0,0.0000,0,0.0000
230,486423,500,23,786,56,9882,0.4574,87188,0.4483,40715,0.4792,49094,0.4718,58995,0.4809,233063,0.5607,17045,0.5147,323,0.5182,0,0.0000,0,0.0000,0,0.0000
231,488555,500,22,734,48,11005,0.4582,87705,0.4474,41068,0.4802,48715,0.4724,58125,0.4799,234128,0.5598,18423,0.5161,391,0.5164,0,0.0000,0,0.0000,0,0.0000
232,490461,500,28,953,62,11999,0.4587,88299,0.4465,41545,0.4803,47176,0.4716,57885,0.4796,234868,0.5590,20196,0.5182,492,0.5163,0,0.0000,0,0.0000,0,0.0000
233,492740,500,18,588,59,9522,0.4595,88874,0.4452,42382,0.4821,46490,0.4726,57306,0.4791,235665,0.5586,21447,0.5186,576,0.5110,0,0.0000,0,0.0000,0,0.0000
234,494682,500,29,931,67,12872,0.4599,89522,0.4443,42264,0.4821,45982,0.4731,55784,0.4778,237371,0.5573,22983,0.5194,776,0.5137,0,0.0000,0,0.0000,0,0.0000
235,496695,500,25,834,54,11263,0.4604,90120,0.4430,42667,0.4834,45413,0.4736,54486,0.4776,238569,0.5568,24598,0.5198,842,0.5120,0,0.0000,0,0.0000,0,0.0000
236,498948,500,21,639,35,10791,0.4615,90828,0.4421,43152,0.4854,44998,0.4735,53257,0.4774,239719,0.5561,25950,0.5200,1043,0.5107,1,0.4499,0,0.0000,0,0.0000
237,501137,500,23,745,12,10311,0.4618,91542,0.4416,43902,0.4859,43664,0.4723,53354,0.4776,239992,0.5562,27562,0.5206,1119,0.5094,2,0.6160,0,0.0000,0,0.0000
238,503082,500,23,671,7,9769,0.4629,91872,0.4411,45327,0.4875,42750,0.4728,52048,0.4772,240564,0.5556,29191,0.5214,1327,0.5120,3,0.6005,0,0.0000,0,0.0000
239,504798,500,26,857,7,10557,0.4638,92160,0.4406,46585,0.4885,41446,0.4718,51575,0.4774,240203,0.5555,31179,0.5233,1642,0.5167,8,0.6152,0,0.0000,0,0.0000
240,506208,500,26,912,380,11013,0.4641,92258,0.4403,47566,0.4887,39832,0.4715,51261,0.4785,240476,0.5557,32989,0.5230,1818,0.5190,8,0.6077,0,0.0000,0,0.0000
241,507306,500,26,834,350,11583,0.4640,91867,0.4405,47615,0.4903,39880,0.4717,50524,0.4786,240770,0.5558,34523,0.5233,2111,0.5190,16,0.5864,0,0.0000,0,0.0000
242,508578,500,17,604,437,8706,0.4642,91431,0.4407,49274,0.4917,38546,0.4706,50184,0.4784,240747,0.5564,36148,0.5247,2222,0.5174,26,0.5703,0,0.0000,0,0.0000
243,510457,500,24,811,36,9934,0.4651,91936,0.4399,50599,0.4922,37574,0.4708,49029,0.4772,240722,0.5556,38075,0.5246,2496,0.5142,26,0.5680,0,0.0000,0,0.0000
244,511951,500,26,753,76,11008,0.4652,91956,0.4401,51761,0.4925,35937,0.4715,48722,0.4764,240893,0.5558,39885,0.5247,2761,0.5137,36,0.5771,0,0.0000,0,0.0000
245,512848,500,29,927,486,11277,0.4656,91548,0.4408,52592,0.4931,35250,0.4709,47712,0.4755,240401,0.5558,42106,0.5262,3202,0.5164,37,0.5800,0,0.0000,0,0.0000
246,514733,500,25,783,50,10275,0.4663,92001,0.4399,53769,0.4942,34369,0.4718,46906,0.4748,240071,0.5561,44080,0.5259,3499,0.5113,38,0.5752,0,0.0000,0,0.0000
247,516149,500,27,836,30,9769,0.4672,92014,0.4401,55514,0.4946,32879,0.4702,46533,0.4741,239026,0.5563,46125,0.5281,3963,0.5159,95,0.5488,0,0.0000,0,0.0000
248,517206,500,26,835,455,11298,0.4673,91590,0.4406,56521,0.4955,32115,0.4704,45347,0.4734,239130,0.5565,48043,0.5280,4363,0.5145,97,0.5982,0,0.0000,0,0.0000
249,518753,500,24,722,50,10901,0.4677,91568,0.4404,58291,0.4956,30504,0.4706,44022,0.4734,239463,0.5565,50032,0.5282,4774,0.5129,99,0.5981,0,0.0000,0,0.0000
250,519628,500,26,1357,77,20302,0.4669,86302,0.4392,61989,0.4913,31781,0.4727,42877,0.4736,237429,0.5562,53284,0.5307,5839,0.5145,127,0.5373,0,0.0000,0,0.0000
251,520356,500,28,1533,59,21613,0.4660,81267,0.4393,65139,0.4874,32882,0.4746,42157,0.4739,234935,0.5559,56730,0.5326,7089,0.5151,157,0.5203,0,0.0000,0,0.0000
252,521276,500,26,1396,68,19953,0.4651,77309,0.4392,67416,0.4851,34214,0.4759,41110,0.4743,232774,0.5557,59980,0.5340,8273,0.5157,200,0.5174,0,0.0000,0,0.0000
253,522564,500,22,1182,81,17126,0.4647,74924,0.4392,68515,0.4841,35587,0.4763,40654,0.4749,230326,0.5559,62880,0.5360,9394,0.5167,284,0.5108,0,0.0000,0,0.0000
254,523909,500,21,1064,64,15421,0.4645,72840,0.4395,69991,0.4828,36627,0.4766,40264,0.4749,227570,0.5559,65746,0.5374,10516,0.5174,355,0.5142,0,0.0000,0,0.0000
255,524586,500,32,1629,155,22486,0.4633,69651,0.4402,70455,0.4801,38500,0.4775,39727,0.4746,223985,0.5548,69533,0.5393,12218,0.5184,517,0.5143,0,0.0000,0,0.0000
256,525528,500,30,1459,101,21653,0.4622,67185,0.4406,70415,0.4786,40130,0.4777,39347,0.4749,221007,0.5547,72967,0.5409,13796,0.5200,681,0.5147,0,0.0000,0,0.0000
257,526992,500,21,1043,57,15899,0.4619,66058,0.4408,70504,0.4783,41158,0.4783,39415,0.4755,218424,0.5549,75610,0.5428,15037,0.5208,786,0.5125,0,0.0000,0,0.0000
258,528086,500,30,1433,62,21669,0.4609,64053,0.4411,70418,0.4763,42298,0.4783,39311,0.4746,215191,0.5541,79183,0.5442,16657,0.5212,975,0.5101,0,0.0000,0,0.0000
259,529522,500,23,1090,70,17024,0.4603,63123,0.4419,69897,0.4759,43590,0.4784,39345,0.4749,212408,0.5546,82180,0.5454,17883,0.5219,1096,0.5089,0,0.0000,0,0.0000
260,530693,500,29,1436,71,20828,0.4597,62220,0.4421,69356,0.4737,43976,0.4799,39404,0.4736,209324,0.5536,85156,0.5471,19747,0.5249,1510,0.5093,0,0.0000,0,0.0000
261,532216,500,23,1077,74,16219,0.4594,61888,0.4432,69027,0.4732,44723,0.4805,39324,0.4735,206541,0.5539,87873,0.5477,21100,0.5256,1740,0.5080,0,0.0000,0,0.0000
262,533760,500,23,1074,75,16503,0.4589,61793,0.4438,67943,0.4721,45879,0.4805,39377,0.4737,203607,0.5537,90832,0.5489,22408,0.5263,1921,0.5106,0,0.0000,0,0.0000
263,535226,500,26,1141,89,18341,0.4583,61812,0.4445,66369,0.4713,47016,0.4809,39467,0.4731,200623,0.5533,93793,0.5499,23982,0.5267,2164,0.5083,0,0.0000,0,0.0000
264,536562,500,29,1317,73,19376,0.4576,62153,0.4448,64344,0.4711,47852,0.4789,39799,0.4741,197349,0.5525,96832,0.5512,25736,0.5287,2497,0.5121,0,0.0000,0,0.0000
265,538382,500,19,842,65,14233,0.4578,63539,0.4455,63224,0.4721,47359,0.4779,40293,0.4746,194967,0.5524,99014,0.5528,27175,0.5288,2811,0.5116,0,0.0000,0,0.0000
266,539836,500,28,1204,82,18424,0.4574,64274,0.4455,61143,0.4712,47942,0.4771,40808,0.4755,191834,0.5508,101582,0.5533,29080,0.5304,3173,0.5117,0,0.0000,0,0.0000
267,541743,500,19,802,51,13688,0.4577,65747,0.4458,59956,0.4727,47552,0.4756,41487,0.4765,189348,0.5507,103776,0.5544,30405,0.5303,3472,0.5115,0,0.0000,0,0.0000
268,543718,500,17,735,64,12410,0.4581,67152,0.4458,59027,0.4726,47726,0.4757,41486,0.4762,187251,0.5497,105503,0.5555,31800,0.5312,3773,0.5145,0,0.0000,0,0.0000
269,545319,500,28,1126,59,18503,0.4577,68033,0.4471,57028,0.4709,48920,0.4765,40820,0.4753,184631,0.5473,107927,0.5560,33689,0.5309,4271,0.5143,0,0.0000,0,0.0000
270,546702,500,32,1374,62,20286,0.4575,69462,0.4470,54938,0.4706,48486,0.4750,41123,0.4764,181609,0.5460,109749,0.5568,36215,0.5334,5120,0.5193,0,0.0000,0,0.0000
271,548787,500,18,682,58,12637,0.4581,71276,0.4475,54026,0.4720,48057,0.4747,41212,0.4776,179838,0.5455,110970,0.5579,37824,0.5343,5584,0.5189,0,0.0000,0,0.0000
272,550200,500,32,1352,69,19021,0.4583,72963,0.4480,51784,0.4711,48052,0.4736,41209,0.4774,176748,0.5429,112862,0.5581,40162,0.5360,6420,0.5223,0,0.0000,0,0.0000
273,551656,500,33,1332,49,20430,0.4581,74716,0.4483,49399,0.4711,47682,0.4736,41338,0.4773,173946,0.5411,114435,0.5593,42709,0.5376,7431,0.5232,0,0.0000,0,0.0000
274,553542,500,23,920,57,15634,0.4581,76659,0.4489,47541,0.4713,47218,0.4744,41945,0.4773,171572,0.5401,115985,0.5605,44670,0.5374,7952,0.5221,0,0.0000,0,0.0000
275,555280,500,27,1091,56,17307,0.4580,78725,0.4493,45081,0.4720,47048,0.4727,42651,0.4779,168672,0.5383,117804,0.5614,46708,0.5375,8591,0.5220,0,0.0000,0,0.0000
276,557154,500,24,921,61,15433,0.4585,80278,0.4489,44359,0.4728,46539,0.4722,42363,0.4773,166951,0.5373,118232,0.5623,48961,0.5393,9471,0.5237,0,0.0000,0,0.0000
277,559148,500,22,821,58,14683,0.4594,81942,0.4486,43778,0.4740,46092,0.4730,41997,0.4758,165374,0.5360,118535,0.5629,50998,0.5393,10432,0.5228,0,0.0000,0,0.0000
278,560906,500,27,1091,51,17097,0.4598,83652,0.4485,42938,0.4737,45171,0.4723,41765,0.4755,163593,0.5340,118717,0.5638,53519,0.5411,11551,0.5255,0,0.0000,0,0.0000
279,562751,500,26,985,55,16589,0.4603,85387,0.4484,42500,0.4741,43372,0.4729,42229,0.4750,161839,0.5324,118745,0.5649,56016,0.5418,12663,0.5265,0,0.0000,0,0.0000
280,564557,500,28,1057,51,18138,0.4604,87160,0.4483,41470,0.4751,42167,0.4726,42307,0.4742,159861,0.5309,119245,0.5659,58597,0.5417,13750,0.5273,0,0.0000,0,0.0000
281,566805,500,17,599,55,12953,0.4613,87701,0.4471,41663,0.4772,42845,0.4731,42081,0.4742,158224,0.5312,119673,0.5665,60194,0.5421,14424,0.5286,0,0.0000,0,0.0000
282,568963,500,20,718,39,14919,0.4618,88280,0.4462,42521,0.4786,41923,0.4729,42048,0.4745,156826,0.5296,119856,0.5673,62446,0.5422,15063,0.5280,0,0.0000,0,0.0000
283,570828,500,27,996,45,17422,0.4623,88954,0.4450,42935,0.4789,40849,0.4739,42299,0.4736,154942,0.5278,119855,0.5683,64516,0.5430,16478,0.5289,0,0.0000,0,0.0000
284,572895,500,21,822,40,14781,0.4631,89550,0.4442,43813,0.4801,40642,0.4741,41410,0.4740,153711,0.5271,119479,0.5694,66730,0.5435,17560,0.5291,0,0.0000,0,0.0000
285,574868,500,25,925,38,17060,0.4635,90196,0.4432,44479,0.4815,39522,0.4738,41577,0.4747,151962,0.5254,119110,0.5705,69352,0.5437,18670,0.5283,0,0.0000,0,0.0000
286,576717,500,31,1066,28,19510,0.4638,90875,0.4422,43827,0.4831,39531,0.4724,41590,0.4746,149574,0.5241,119881,0.5711,71614,0.5441,19825,0.5281,0,0.0000,0,0.0000
287,578771,500,25,874,17,17266,0.4647,91552,0.4412,44830,0.4843,38199,0.4728,41451,0.4732,148239,0.5241,119365,0.5721,73618,0.5448,21517,0.5301,0,0.0000,0,0.0000
288,580422,500,28,1000,6,17811,0.4650,91876,0.4408,45330,0.4851,37697,0.4726,41325,0.4728,146419,0.5228,118566,0.5731,75834,0.5459,23375,0.5308,0,0.0000,0,0.0000
289,582564,500,24,837,3,16069,0.4658,92591,0.4401,46584,0.4870,36005,0.4715,41494,0.4738,145000,0.5218,118227,0.5740,78197,0.5463,24466,0.5299,0,0.0000,0,0.0000
290,584498,500,17,643,409,12412,0.4666,92945,0.4397,48223,0.4875,35049,0.4730,41148,0.4731,144197,0.5214,117410,0.5747,79696,0.5474,25830,0.5306,0,0.0000,0,0.0000
291,585965,500,21,772,750,14838,0.4673,92912,0.4397,49884,0.4886,33963,0.4721,40404,0.4725,143774,0.5203,115428,0.5753,82029,0.5481,27571,0.5311,0,0.0000,0,0.0000
292,587330,500,24,825,792,15873,0.4677,92876,0.4394,50846,0.4899,33581,0.4723,39596,0.4722,142674,0.5187,114688,0.5757,83587,0.5486,29482,0.5313,0,0.0000,0,0.0000
293,588486,500,25,855,716,16235,0.4683,92734,0.4397,52506,0.4906,32238,0.4715,38887,0.4728,141622,0.5175,113439,0.5767,85352,0.5493,31708,0.5323,0,0.0000,0,0.0000
294,589137,500,24,918,730,14898,0.4686,92067,0.4406,53864,0.4910,31988,0.4715,38171,0.4724,139836,0.5168,112251,0.5773,86827,0.5501,34133,0.5351,0,0.0000,0,0.0000
295,590140,500,25,826,462,16470,0.4688,91720,0.4413,55069,0.4922,31147,0.4717,37377,0.4713,138729,0.5153,111245,0.5780,88680,0.5503,36173,0.5350,0,0.0000,0,0.0000
296,591847,500,22,708,43,15193,0.4697,91953,0.4412,56068,0.4930,30670,0.4711,37100,0.4726,137002,0.5138,110659,0.5792,90574,0.5504,37821,0.5353,0,0.0000,0,0.0000
297,593176,500,27,865,53,17944,0.4696,91862,0.4415,56968,0.4933,29839,0.4718,36279,0.4711,136119,0.5123,109697,0.5803,92927,0.5505,39485,0.5342,0,0.0000,0,0.0000
298,594515,500,23,735,185,14751,0.4703,91639,0.4415,58731,0.4938,28736,0.4709,35892,0.4713,134736,0.5117,109204,0.5815,93908,0.5508,41669,0.5363,0,0.0000,0,0.0000
299,595626,500,35,1136,57,19179,0.4705,91595,0.4410,60260,0.4944,27361,0.4699,34999,0.4713,133112,0.5094,108497,0.5814,95230,0.5520,44572,0.5360,0,0.0000,0,0.0000
300,596622,500,22,1246,31,26816,0.4702,87194,0.4395,63658,0.4916,28503,0.4730,34527,0.4717,130350,0.5096,106694,0.5810,96971,0.5539,48725,0.5377,0,0.0000,0,0.0000
301,597321,500,28,1587,51,31827,0.4697,82293,0.4390,66536,0.4887,30177,0.4749,34008,0.4717,127011,0.5059,105027,0.5801,98462,0.5561,53807,0.5384,0,0.0000,0,0.0000
302,598639,500,18,1003,65,22295,0.4698,79583,0.4398,68557,0.4871,31077,0.4759,34184,0.4722,124629,0.5038,103566,0.5817,99713,0.5574,57330,0.5390,0,0.0000,0,0.0000
303,599580,500,25,1365,55,28424,0.4696,76212,0.4399,70067,0.4852,32707,0.4768,34028,0.4711,121784,0.5002,101708,0.5811,101044,0.5586,62030,0.5399,0,0.0000,0,0.0000
304,600766,500,23,1209,87,25995,0.4698,74078,0.4400,70612,0.4847,34219,0.4763,34099,0.4710,119261,0.4975,100242,0.5816,101292,0.5600,66963,0.5408,0,0.0000,0,0.0000
305,601868,500,26,1400,65,29770,0.4697,71242,0.4396,71592,0.4827,35925,0.4776,33966,0.4711,116495,0.4945,98078,0.5812,101827,0.5616,72743,0.5418,0,0.0000,0,0.0000
306,603000,500,27,1387,89,29501,0.4697,68690,0.4399,72236,0.4806,37548,0.4796,33926,0.4710,113858,0.4915,96443,0.5814,101453,0.5627,78846,0.5428,0,0.0000,0,0.0000
307,604036,500,28,1444,154,30369,0.4693,66117,0.4406,72663,0.4788,39505,0.4803,33692,0.4704,110930,0.4883,94813,0.5813,101106,0.5638,85210,0.5444,0,0.0000,0,0.0000
308,605289,500,22,1139,150,23893,0.4695,65264,0.4421,72061,0.4780,40792,0.4799,33744,0.4708,109199,0.4864,92919,0.5824,101471,0.5648,89839,0.5453,0,0.0000,0,0.0000
309,606617,500,25,1203,135,25918,0.4696,64273,0.4427,71143,0.4775,42394,0.4789,34318,0.4717,106774,0.4843,91080,0.5814,101925,0.5661,94710,0.5456,0,0.0000,0,0.0000
310,607826,500,29,1349,80,29644,0.4695,63166,0.4430,70183,0.4762,43893,0.4790,34699,0.4721,104055,0.4818,89296,0.5804,101529,0.5678,101005,0.5460,0,0.0000,0,0.0000
311,609272,500,24,1113,114,23438,0.4701,63181,0.4436,69058,0.4760,44778,0.4783,34837,0.4729,102606,0.4812,87745,0.5723,101141,0.5677,105922,0.5474,4,0.5789,0,0.0000
312,610316,500,33,1597,66,31801,0.4700,62221,0.4440,67374,0.4744,46682,0.4788,35058,0.4725,99812,0.4805,85686,0.5549,101111,0.5684,112362,0.5479,10,0.5330,0,0.0000
313,611920,500,23,1014,74,21673,0.4706,62621,0.4448,66435,0.4745,46867,0.4787,35644,0.4730,98401,0.4806,84327,0.5452,100719,0.5688,116895,0.5492,11,0.5368,0,0.0000
314,613480,500,22,1075,79,22257,0.4708,63170,0.4453,64765,0.4741,47746,0.4776,36476,0.4745,96599,0.4806,82786,0.5352,99829,0.5695,122098,0.5498,11,0.5450,0,0.0000
315,615345,500,19,814,54,19573,0.4714,64189,0.4461,63417,0.4744,48210,0.4768,37158,0.4749,95387,0.4806,81307,0.5285,98895,0.5702,126770,0.5503,12,0.5408,0,0.0000
316,617330,500,16,713,50,16115,0.4723,65297,0.4465,62650,0.4740,48648,0.4774,37512,0.4750,94279,0.4805,80353,0.5220,97883,0.5714,130695,0.5510,13,0.5467,0,0.0000
317,618678,500,30,1353,49,26323,0.4726,66110,0.4471,60253,0.4729,49000,0.4764,38703,0.4756,92472,0.4796,78463,0.5169,97131,0.5690,136495,0.5524,51,0.5454,0,0.0000
318,620434,500,22,961,54,19873,0.4733,67372,0.4480,58408,0.4737,49761,0.4756,38988,0.4757,91477,0.4796,76913,0.5141,96457,0.5709,141000,0.5528,58,0.5875,0,0.0000
319,622065,500,24,1069,59,19204,0.4743,68814,0.4481,57081,0.4737,49494,0.4753,39324,0.4759,90678,0.4792,75487,0.5103,95738,0.5714,145384,0.5533,65,0.5201,0,0.0000
320,623771,500,24,1051,42,20143,0.4751,70292,0.4485,55553,0.4734,49510,0.4755,39370,0.4753,89904,0.4791,74294,0.5078,94749,0.5718,150031,0.5538,68,0.5209,0,0.0000
321,625410,500,25,1087,53,20133,0.4759,71798,0.4487,54033,0.4729,48905,0.4756,40004,0.4751,89207,0.4790,73083,0.5052,93815,0.5724,154492,0.5543,73,0.5201,0,0.0000
322,627090,500,27,1090,49,20120,0.4771,73539,0.4490,52868,0.4731,48154,0.4755,39619,0.4745,89157,0.4788,71795,0.5028,92552,0.5727,159320,0.5548,86,0.5298,0,0.0000
323,628774,500,26,1077,49,21964,0.4774,75194,0.4493,50643,0.4730,48461,0.4754,39774,0.4742,88450,0.4788,70351,0.5003,91289,0.5730,164525,0.5552,87,0.5315,0,0.0000
324,630309,500,29,1232,64,22300,0.4780,77066,0.4497,48437,0.4733,47868,0.4743,40471,0.4746,87668,0.4783,69083,0.4979,89772,0.5728,169840,0.5560,104,0.5298,0,0.0000
325,632076,500,25,1003,54,20215,0.4786,78972,0.4498,46535,0.4738,47518,0.4744,40880,0.4737,86929,0.4787,67893,0.4960,88735,0.5739,174478,0.5565,136,0.5319,0,0.0000
326,633695,500,29,1199,44,20637,0.4797,80508,0.4496,45442,0.4741,46760,0.4737,40887,0.4744,86822,0.4782,66489,0.4943,87086,0.5735,179505,0.5571,195,0.5283,1,0.3117
327,635790,500,18,730,47,14634,0.4806,82191,0.4495,44660,0.4756,46771,0.4734,41130,0.4753,85967,0.4783,65788,0.4935,86193,0.5753,182865,0.5576,224,0.5282,1,0.3017
328,637648,500,24,951,61,17208,0.4815,83736,0.4492,43407,0.4739,47256,0.4748,40694,0.4745,85325,0.4778,65080,0.4914,85299,0.5753,186588,0.5580,262,0.5185,1,0.3017
329,639519,500,25,971,46,17561,0.4827,85392,0.4491,42556,0.4749,46700,0.4748,40987,0.4737,84700,0.4781,64187,0.4900,84253,0.5754,190369,0.5580,373,0.5287,2,0.4497
330,641458,500,23,911,35,16054,0.4838,87162,0.4488,42011,0.4759,45639,0.4743,41358,0.4736,84558,0.4782,63060,0.4886,83068,0.5762,194161,0.5587,439,0.5248,2,0.4897
331,643508,500,21,791,42,16287,0.4847,87773,0.4477,42808,0.4783,44556,0.4742,41585,0.4733,84384,0.4782,62305,0.4884,82233,0.5764,197404,0.5589,458,0.5232,2,0.4897
332,645370,500,26,987,39,18835,0.4852,88349,0.4470,42917,0.4782,44231,0.4745,41286,0.4733,84040,0.4778,61375,0.4867,81687,0.5758,200998,0.5594,485,0.5247,2,0.4897
333,647366,500,23,878,44,17543,0.4861,88950,0.4462,43431,0.4799,43414,0.4742,41342,0.4734,84020,0.4780,60462,0.4855,80446,0.5764,204786,0.5600,513,0.5164,2,0.4897
334,649466,500,20,799,31,13899,0.4874,89626,0.4453,44820,0.4812,42326,0.4736,41272,0.4735,83548,0.4779,60132,0.4846,79671,0.5775,207245,0.5604,811,0.5411,15,0.4850
335,651313,500,26,1020,40,17374,0.4884,90292,0.4443,45394,0.4826,41965,0.4737,39859,0.4732,84399,0.4777,59197,0.4835,78488,0.5737,210865,0.5605,839,0.5345,15,0.5623
336,652834,500,34,1339,33,20264,0.4898,90888,0.4433,46135,0.4831,40974,0.4734,38631,0.4720,84508,0.4773,58399,0.4831,77159,0.5623,215133,0.5610,988,0.5313,19,0.5448
337,654888,500,24,876,23,17681,0.4904,91606,0.4423,46413,0.4846,40616,0.4742,38796,0.4740,83740,0.4769,57624,0.4837,76130,0.5528,218891,0.5612,1053,0.5305,19,0.4742
338,656555,500,22,845,16,15685,0.4908,91899,0.4421,47229,0.4857,39743,0.4743,39109,0.4745,83033,0.4765,57129,0.4833,75400,0.5454,221882,0.5613,1112,0.5290,19,0.4690
339,658733,500,20,755,21,12584,0.4918,92607,0.4410,48453,0.4861,39315,0.4746,38365,0.4746,83081,0.4762,56752,0.4836,74874,0.5401,224099,0.5618,1168,0.5290,19,0.4690
340,660490,500,26,926,290,19210,0.4922,93007,0.4402,48710,0.4879,38751,0.4744,38629,0.4751,82567,0.4755,55693,0.4838,73781,0.5324,228107,0.5617,1224,0.5288,21,0.4686
341,662045,500,18,672,744,13101,0.4926,93020,0.4401,49530,0.4887,39049,0.4747,37757,0.4757,82552,0.4752,55160,0.4840,72851,0.5276,230830,0.5624,1275,0.5282,21,0.4676
342,663236,500,31,1079,717,18035,0.4933,93018,0.4399,51214,0.4890,36756,0.4750,37643,0.4745,82241,0.4747,54831,0.4836,71799,0.5199,234246,0.5619,1466,0.5282,22,0.4705
343,664590,500,25,896,727,14990,0.4936,92985,0.4398,52608,0.4900,35982,0.4749,36633,0.4748,82517,0.4748,54233,0.4837,70824,0.5160,237226,0.5626,1560,0.5241,22,0.4700
344,665503,500,36,1307,757,20879,0.4939,92932,0.4401,53691,0.4905,34064,0.4732,36862,0.4762,81502,0.4742,53330,0.4829,70452,0.5121,240656,0.5622,1992,0.5234,22,0.4700
345,667184,500,15,567,733,8596,0.4949,92972,0.4403,55728,0.4909,33274,0.4745,36242,0.4767,81366,0.4746,53583,0.4835,70069,0.5104,241726,0.5639,2199,0.5239,25,0.4670
346,668600,500,22,825,742,15778,0.4949,92961,0.4403,56531,0.4915,33036,0.4751,35727,0.4767,81096,0.4743,52952,0.4830,68710,0.5036,245250,0.5633,2311,0.5250,26,0.4639
347,670007,500,26,860,716,15316,0.4954,93013,0.4401,58062,0.4926,31438,0.4733,35915,0.4769,80690,0.4743,52308,0.4834,67788,0.5000,248271,0.5633,2494,0.5237,28,0.4704
348,671320,500,28,935,732,17959,0.4955,93011,0.4397,59128,0.4929,30310,0.4735,35840,0.4772,79877,0.4741,51965,0.4831,66763,0.4972,251645,0.5631,2749,0.5235,32,0.4617
349,672934,500,19,647,718,12304,0.4966,93014,0.4397,60848,0.4937,29304,0.4734,36214,0.4779,78967,0.4741,51640,0.4834,66298,0.4955,253415,0.5641,3191,0.5244,43,0.4724
350,673974,500,19,1154,781,19984,0.4974,89120,0.4390,64046,0.4907,29968,0.4747,36159,0.4776,77208,0.4742,52856,0.4832,65456,0.4932,255346,0.5642,3738,0.5289,77,0.4754
351,674928,500,23,1315,703,23163,0.4981,85127,0.4390,66694,0.4881,31077,0.4762,35892,0.4776,75395,0.4742,53972,0.4822,64683,0.4898,257329,0.5643,4634,0.5316,125,0.5049
352,676054,500,21,1193,634,21364,0.4988,81627,0.4391,69101,0.4859,32258,0.4772,35843,0.4779,73465,0.4742,54944,0.4821,64283,0.4875,258892,0.5647,5475,0.5330,166,0.4965
353,676891,500,26,1492,607,25102,0.4994,78204,0.4389,70306,0.4840,33835,0.4770,36000,0.4782,71421,0.4739,55793,0.4815,63818,0.4854,260566,0.5647,6708,0.5353,240,0.5117
354,677627,500,21,1175,591,20283,0.4998,75090,0.4400,72002,0.4826,35184,0.4781,35515,0.4781,69932,0.4744,56640,0.4815,63275,0.4838,262069,0.5652,7621,0.5353,299,0.5172
355,678293,500,22,1283,526,20363,0.5001,72202,0.4410,73296,0.4808,36576,0.4793,35080,0.4778,68396,0.4746,57517,0.4809,62794,0.4825,263566,0.5654,8528,0.5372,338,0.5161
356,679961,500,18,984,170,18057,0.5009,71046,0.4411,74034,0.4801,37310,0.4792,35284,0.4779,67330,0.4751,58016,0.4806,62399,0.4823,264491,0.5658,9630,0.5376,421,0.5206
357,680964,500,25,1414,92,23204,0.5012,68811,0.4412,74354,0.4781,39190,0.4795,34948,0.4778,65513,0.4755,58839,0.4799,61968,0.4815,266111,0.5655,10753,0.5381,477,0.5214
358,682162,500,18,970,350,17475,0.5017,67578,0.4422,74877,0.4775,40080,0.4803,34608,0.4779,64520,0.4758,59483,0.4798,61660,0.4818,267000,0.5662,11692,0.5398,664,0.5310
359,683955,500,14,701,56,14050,0.5023,67190,0.4427,75240,0.4773,40993,0.4806,34755,0.4782,63403,0.4758,59938,0.4797,61402,0.4819,267887,0.5637,12439,0.5397,708,0.5258
360,685495,500,19,1003,73,18194,0.5029,66688,0.4427,74850,0.4766,41951,0.4807,35125,0.4784,62323,0.4751,60077,0.4798,61257,0.4816,268734,0.5605,13687,0.5407,803,0.5300
361,686965,500,20,1036,72,18650,0.5034,66373,0.4436,74320,0.4763,42845,0.4797,35446,0.4794,61225,0.4749,60103,0.4796,61346,0.4816,269218,0.5574,15115,0.5412,974,0.5326
362,688424,500,22,1045,86,19525,0.5039,65992,0.4447,73591,0.4754,44062,0.4797,35412,0.4789,60200,0.4754,60368,0.4791,61221,0.4815,269828,0.5550,16692,0.5424,1058,0.5306
363,689912,500,23,1188,56,20942,0.5043,66026,0.4447,72184,0.4751,45349,0.4794,35787,0.4791,59009,0.4750,60310,0.4790,61304,0.4817,270366,0.5536,18409,0.5419,1168,0.5281
364,691273,500,26,1315,70,23191,0.5048,66399,0.4451,70443,0.4754,46039,0.4776,36391,0.4797,57989,0.4747,60049,0.4792,61355,0.4812,270561,0.5521,20516,0.5438,1531,0.5360
365,692690,500,23,1126,119,20703,0.5050,66647,0.4458,68987,0.4749,47042,0.4779,36845,0.4796,56664,0.4744,59907,0.4796,61587,0.4809,271018,0.5516,22111,0.5442,1882,0.5386
366,694325,500,19,951,120,17286,0.5054,67148,0.4465,67896,0.4745,47997,0.4784,37018,0.4793,55763,0.4748,59914,0.4797,61555,0.4810,271411,0.5509,23583,0.5439,2040,0.5374
367,696144,500,17,853,53,15284,0.5061,68376,0.4468,67079,0.4746,48106,0.4780,37010,0.4795,55578,0.4750,59790,0.4797,61397,0.4810,271167,0.5501,25232,0.5457,2409,0.5360
368,697724,500,24,1078,55,20607,0.5066,69579,0.4470,65498,0.4751,47972,0.4762,37350,0.4797,55402,0.4751,59325,0.4790,61210,0.4810,271002,0.5488,27635,0.5463,2751,0.5380
369,699375,500,24,1092,37,20517,0.5070,70797,0.4473,63942,0.4752,48223,0.4758,37747,0.4789,54523,0.4754,59162,0.4788,61050,0.4811,270987,0.5485,29563,0.5475,3381,0.5426
370,701412,500,17,791,51,15871,0.5078,72496,0.4473,62920,0.4763,47453,0.4755,38671,0.4788,54525,0.4757,58442,0.4789,61092,0.4814,270586,0.5484,31644,0.5481,3583,0.5412
371,703063,500,22,1040,64,19932,0.5081,73781,0.4478,61449,0.4757,47372,0.4759,38924,0.4773,54246,0.4763,58226,0.4785,60700,0.4809,270257,0.5477,34182,0.5496,3926,0.5401
372,704587,500,23,1057,159,20024,0.5084,75109,0.4486,59962,0.4751,47135,0.4765,39135,0.4767,53835,0.4764,58238,0.4782,60212,0.4811,269978,0.5473,36552,0.5497,4431,0.5412
373,706182,500,24,1141,42,20656,0.5084,76432,0.4489,57660,0.4744,48454,0.4768,39001,0.4767,52755,0.4767,58404,0.4779,59932,0.4810,270012,0.5471,38708,0.5495,4824,0.5400
374,707416,500,34,1532,44,28414,0.5082,77992,0.4490,54351,0.4740,49029,0.4762,39407,0.4767,51973,0.4767,57731,0.4778,59656,0.4807,269783,0.5463,42100,0.5496,5394,0.5388
375,708807,500,31,1348,62,25504,0.5085,79785,0.4496,52662,0.4736,47961,0.4764,39759,0.4755,51821,0.4774,56944,0.4783,59128,0.4800,269059,0.5465,45033,0.5515,6655,0.5461
376,710625,500,22,972,54,18803,0.5088,81267,0.4495,51675,0.4746,47316,0.4762,40327,0.4770,51491,0.4766,56453,0.4793,59188,0.4797,268407,0.5472,47192,0.5520,7309,0.5450
377,712711,500,16,697,38,14858,0.5094,82753,0.4493,51178,0.4754,47213,0.4771,40047,0.4755,51520,0.4773,56567,0.4793,58556,0.4802,268089,0.5474,49035,0.5525,7753,0.5445
378,714581,500,22,956,55,18786,0.5098,84254,0.4493,49861,0.4747,47451,0.4783,39934,0.4740,51392,0.4774,56289,0.4792,58154,0.4801,267683,0.5469,51287,0.5523,8276,0.5443
379,716135,500,30,1251,73,24996,0.5095,85805,0.4492,48528,0.4752,46330,0.4778,40149,0.4732,51352,0.4774,55918,0.4788,57541,0.4800,266982,0.5462,54365,0.5526,9165,0.5442
380,718061,500,20,834,88,17314,0.5100,87426,0.4489,47380,0.4758,46238,0.4783,40369,0.4734,51351,0.4775,55209,0.4791,57270,0.4804,266766,0.5471,56287,0.5538,9765,0.5440
381,719898,500,21,909,85,19039,0.5101,87852,0.4482,47189,0.4768,46346,0.4780,40864,0.4737,50494,0.4772,54833,0.4789,57304,0.4807,266612,0.5471,58004,0.5536,10400,0.5449
382,721821,500,21,896,46,19350,0.5103,88376,0.4474,47625,0.4781,45394,0.4769,41407,0.4746,50202,0.4767,54209,0.4791,57490,0.4806,266097,0.5474,59901,0.5540,11120,0.5450
383,723561,500,25,1073,64,21322,0.5101,88959,0.4463,47508,0.4788,45367,0.4768,41736,0.4746,48374,0.4767,54511,0.4789,57793,0.4803,265393,0.5472,61532,0.5544,12388,0.5477
384,725249,500,27,1142,53,23288,0.5102,89568,0.4454,47537,0.4796,44949,0.4782,41165,0.4742,48197,0.4760,54625,0.4787,57092,0.4799,264425,0.5473,64118,0.5550,13573,0.5464
385,727110,500,24,988,38,20954,0.5103,90197,0.4441,47437,0.4811,44987,0.4785,40956,0.4751,47566,0.4745,54685,0.4792,56768,0.4799,263733,0.5477,66159,0.5552,14622,0.5466
386,729040,500,21,934,33,18286,0.5108,90865,0.4431,49100,0.4821,43256,0.4783,40849,0.4748,47523,0.4750,54315,0.4786,56558,0.4802,262447,0.5480,67880,0.5567,16247,0.5488
387,731176,500,19,762,17,17443,0.5112,91558,0.4421,49803,0.4838,42619,0.4787,40729,0.4748,47668,0.4750,54105,0.4787,56118,0.4803,261689,0.5480,69906,0.5567,16981,0.5459
388,733010,500,19,765,12,16680,0.5118,91915,0.4415,50567,0.4847,42480,0.4786,40228,0.4745,47845,0.4752,53795,0.4782,55737,0.4806,260700,0.5479,71619,0.5576,18124,0.5475
389,734432,500,37,1542,2,29977,0.5113,92598,0.4402,50383,0.4854,41712,0.4782,38852,0.4728,48480,0.4747,53297,0.4784,54677,0.4797,259609,0.5462,75274,0.5577,19550,0.5462
390,736554,500,13,496,361,12513,0.5118,92914,0.4396,51770,0.4872,40887,0.4789,39389,0.4740,48224,0.4754,53026,0.4790,54485,0.4807,259105,0.5482,76730,0.5585,20024,0.5469
391,737888,500,23,918,720,19088,0.5119,92895,0.4397,52789,0.4883,40223,0.4785,38964,0.4740,47713,0.4742,53104,0.4789,54401,0.4804,258028,0.5474,77931,0.5587,21840,0.5490
392,739149,500,24,970,739,20957,0.5115,92929,0.4397,53401,0.4893,39442,0.4776,38603,0.4747,47548,0.4744,52966,0.4783,54257,0.4806,256847,0.5470,79716,0.5594,23440,0.5473
393,740590,500,19,784,754,16809,0.5116,92898,0.4396,55027,0.4900,38636,0.4785,37573,0.4736,47858,0.4752,52899,0.4782,53912,0.4806,255656,0.5467,80957,0.5599,25174,0.5476
394,742196,500,17,664,707,15663,0.5117,92908,0.4393,56132,0.4911,38522,0.4785,36653,0.4742,48009,0.4754,52975,0.4783,53594,0.4806,254786,0.5455,82347,0.5599,26270,0.5468
395,743221,500,30,1212,739,24881,0.5110,92934,0.4394,56604,0.4903,37627,0.4792,36038,0.4730,47878,0.4756,52709,0.4771,52712,0.4800,253936,0.5437,84792,0.5603,27991,0.5475
396,744350,500,29,1106,740,23480,0.5102,92931,0.4395,57080,0.4915,37570,0.4792,35876,0.4737,45476,0.4747,53557,0.4773,53041,0.4802,252496,0.5424,85445,0.5605,30878,0.5479
397,745684,500,25,877,763,20702,0.5097,92854,0.4394,58158,0.4919,36919,0.4794,35497,0.4740,44604,0.4753,53620,0.4768,52855,0.4803,251509,0.5415,86623,0.5617,33045,0.5490
398,747255,500,19,739,682,15716,0.5100,92942,0.4394,59778,0.4924,35880,0.4800,35075,0.4735,44718,0.4760,53598,0.4766,52281,0.4806,250574,0.5405,88081,0.5620,34328,0.5486
399,748646,500,22,896,689,17907,0.5099,93040,0.4392,61095,0.4931,35033,0.4797,34740,0.4740,44292,0.4756,53355,0.4764,52482,0.4808,249235,0.5391,89115,0.5619,36259,0.5494
400,749592,500,22,1308,730,28722,0.5096,88855,0.4381,64298,0.4904,35652,0.4813,35043,0.4745,43881,0.4754,52945,0.4763,52370,0.4805,245400,0.5373,90855,0.5625,40293,0.5502
401,750127,500,28,1730,705,36307,0.5089,83695,0.4374,67219,0.4866,37038,0.4824,35069,0.4742,43402,0.4751,52373,0.4762,52318,0.4801,240837,0.5351,92552,0.5637,45624,0.5510
402,751181,500,21,1241,646,27942,0.5087,80273,0.4379,69489,0.4847,38113,0.4832,35016,0.4745,43284,0.4759,51920,0.4760,52152,0.4802,237457,0.5345,93750,0.5643,49727,0.5515
403,752412,500,19,1101,598,24698,0.5089,77907,0.4382,71188,0.4831,38867,0.4838,35106,0.4747,43125,0.4758,51597,0.4764,51953,0.4799,234690,0.5337,94278,0.5650,53701,0.5518
404,753369,500,25,1406,546,31589,0.5087,74782,0.4382,72584,0.4813,39843,0.4834,35710,0.4760,42724,0.4753,51069,0.4764,51951,0.4793,230601,0.5322,95541,0.5654,58564,0.5521
405,754646,500,20,1121,516,25748,0.5086,72645,0.4375,73761,0.4805,40915,0.4840,35630,0.4765,42608,0.4757,50725,0.4764,51862,0.4789,227546,0.5320,96349,0.5662,62605,0.5532
406,755910,500,20,1163,492,25887,0.5087,70876,0.4377,74469,0.4796,42018,0.4834,35770,0.4766,42469,0.4758,50282,0.4765,51698,0.4786,224600,0.5318,96817,0.5663,66911,0.5536
407,756855,500,27,1510,459,33774,0.5080,68186,0.4374,74789,0.4774,43854,0.4836,35832,0.4768,42204,0.4760,49660,0.4759,51697,0.4781,220171,0.5307,98419,0.5670,72043,0.5540
408,758334,500,18,977,459,22939,0.5081,67145,0.4381,75074,0.4770,44920,0.4835,36112,0.4772,41925,0.4767,49460,0.4759,51498,0.4784,217289,0.5318,99293,0.5677,75618,0.5544
409,759566,500,22,1247,434,27458,0.5081,66238,0.4387,74347,0.4761,46261,0.4826,36538,0.4782,41731,0.4764,48918,0.4756,51469,0.4781,214036,0.5315,99652,0.5677,80376,0.5552
410,760683,500,22,1202,408,27246,0.5080,65273,0.4400,73674,0.4756,47705,0.4814,36708,0.4788,41525,0.4763,48595,0.4752,51228,0.4782,210548,0.5307,100492,0.5680,84935,0.5556
411,761448,500,28,1524,340,33459,0.5074,63684,0.4409,72652,0.4741,49677,0.4815,36758,0.4794,41100,0.4760,48148,0.4749,51110,0.4780,206311,0.5286,101686,0.5682,90322,0.5560
412,762821,500,21,1094,188,24312,0.5079,63667,0.4419,72100,0.4738,50205,0.4814,36728,0.4795,41294,0.4766,47859,0.4751,50879,0.4778,203821,0.5277,101522,0.5688,94746,0.5567
413,763613,500,34,1775,118,39356,0.5073,62985,0.4427,69703,0.4720,51598,0.4810,37415,0.4791,41081,0.4760,47222,0.4747,50700,0.4772,199026,0.5242,101910,0.5683,101973,0.5575
414,765620,500,12,628,77,15309,0.5080,63986,0.4436,69282,0.4725,51939,0.4812,37671,0.4800,41238,0.4769,47037,0.4753,50533,0.4781,197053,0.5245,102282,0.5693,104599,0.5582
415,767479,500,15,789,66,17536,0.5088,64991,0.4438,68654,0.4725,52298,0.4806,37934,0.4808,41203,0.4769,46952,0.4751,50298,0.4778,194946,0.5225,102652,0.5691,107551,0.5582
416,768814,500,27,1329,71,30090,0.5088,65311,0.4443,66593,0.4708,53632,0.4806,38218,0.4799,41075,0.4772,46543,0.4747,50126,0.4773,191312,0.5199,103116,0.5689,112888,0.5584
417,770275,500,26,1269,56,28907,0.5090,66092,0.4448,64952,0.4699,53762,0.4804,38703,0.4797,41234,0.4780,46158,0.4744,49874,0.4775,188145,0.5182,102903,0.5692,118452,0.5592
418,772032,500,20,986,59,22953,0.5094,67189,0.4455,63290,0.4693,54604,0.4810,38985,0.4793,41267,0.4785,45799,0.4745,49704,0.4775,185852,0.5172,102457,0.5702,122885,0.5592
419,773739,500,22,1026,51,25326,0.5098,68603,0.4456,61269,0.4696,54953,0.4794,39599,0.4799,41391,0.4788,45395,0.4750,49498,0.4769,182592,0.5160,102774,0.5695,127665,0.5597
420,775460,500,21,969,92,23070,0.5105,70157,0.4464,59878,0.4697,54429,0.4789,40271,0.4798,41668,0.4791,45042,0.4748,49249,0.4768,180080,0.5145,102429,0.5695,132257,0.5601
421,777207,500,21,1011,53,22215,0.5113,71899,0.4469,58220,0.4695,54091,0.4781,40961,0.4807,41856,0.4792,44717,0.4748,49058,0.4765,177453,0.5126,102298,0.5699,136654,0.5607
422,778793,500,25,1165,50,27009,0.5118,73478,0.4472,56332,0.4695,53632,0.4772,42018,0.4806,41816,0.4793,44219,0.4751,48999,0.4765,174248,0.5102,101844,0.5700,142207,0.5604
423,780518,500,22,1036,36,23022,0.5125,75283,0.4477,54696,0.4700,53478,0.4771,42374,0.4802,41887,0.4798,44109,0.4751,48739,0.4767,171692,0.5086,101759,0.5707,146501,0.5602
424,782275,500,21,1019,56,22800,0.5128,76994,0.4478,52443,0.4686,54497,0.4775,42414,0.4803,41825,0.4795,43798,0.4754,48744,0.4770,168981,0.5074,101947,0.5708,150632,0.5608
425,784086,500,21,966,54,23058,0.5132,78960,0.4479,50353,0.4686,54746,0.4769,42688,0.4805,42052,0.4797,43526,0.4754,48382,0.4773,166440,0.5062,101646,0.5708,155293,0.5613
426,785930,500,20,981,38,18682,0.5143,80544,0.4473,50097,0.4685,54000,0.4776,42291,0.4795,42551,0.4798,43638,0.4757,47970,0.4772,165140,0.5053,100628,0.5711,159071,0.5620
427,787701,500,26,1067,36,26710,0.5150,82125,0.4471,48692,0.4686,53459,0.4774,42252,0.4787,43226,0.4799,43453,0.4757,47661,0.4769,162791,0.5040,99385,0.5704,164657,0.5619
428,789493,500,23,1043,44,24271,0.5154,83673,0.4471,47250,0.4686,53157,0.4774,42784,0.4787,43257,0.4799,43364,0.4764,47349,0.4769,160276,0.5028,99217,0.5713,169166,0.5623
429,791215,500,23,1097,53,23752,0.5162,85397,0.4469,45638,0.4690,53253,0.4768,43018,0.4784,42970,0.4804,43230,0.4758,47277,0.4769,157463,0.5020,99402,0.5713,173567,0.5626
430,793273,500,19,792,43,20274,0.5168,87177,0.4466,44770,0.4700,52644,0.4763,43545,0.4792,42934,0.4805,43143,0.4759,47153,0.4768,155085,0.5015,99300,0.5716,177522,0.5629
431,795027,500,25,1098,39,26075,0.5174,87762,0.4458,44995,0.4714,51244,0.4757,44486,0.4788,42915,0.4807,43048,0.4761,46818,0.4766,152717,0.5006,98472,0.5710,182570,0.5627
432,796663,500,29,1205,53,31083,0.5177,88393,0.4449,44305,0.4738,50384,0.4744,45621,0.4789,42459,0.4803,43062,0.4755,46447,0.4765,149042,0.4992,98624,0.5705,188326,0.5628
433,798414,500,24,1109,35,20671,0.5194,89047,0.4439,45228,0.4749,49415,0.4745,45319,0.4786,42859,0.4805,42653,0.4762,46248,0.4761,147795,0.4986,97622,0.5721,192228,0.5637
434,800464,500,19,838,40,20790,0.5201,89666,0.4428,46174,0.4768,48166,0.4749,45868,0.4783,42974,0.4807,42489,0.4764,46119,0.4761,145472,0.4979,97393,0.5722,196143,0.5638
435,802303,500,25,1029,37,23876,0.5208,90395,0.4420,46411,0.4780,47487,0.4735,45766,0.4790,42945,0.4797,42374,0.4759,46163,0.4764,143666,0.4960,96456,0.5722,200640,0.5641
436,804276,500,23,911,31,24021,0.5214,91106,0.4410,46625,0.4795,46683,0.4737,46094,0.4788,43147,0.4801,42028,0.4756,46120,0.4766,141505,0.4946,95632,0.5722,205336,0.5641
437,806304,500,21,895,12,20661,0.5222,91753,0.4399,47106,0.4797,46623,0.4746,45548,0.4783,43237,0.4805,42078,0.4759,45945,0.4764,139897,0.4924,95038,0.5729,209079,0.5645
438,807819,500,24,1057,12,21083,0.5232,92037,0.4397,47996,0.4807,45959,0.4744,45167,0.4782,43272,0.4803,42070,0.4761,45706,0.4760,138338,0.4905,94414,0.5725,212860,0.5645
439,809933,500,20,852,11,19570,0.5241,92776,0.4391,48992,0.4822,45019,0.4739,45071,0.4782,43416,0.4808,42030,0.4763,45514,0.4763,137114,0.4887,93586,0.5732,216415,0.5647
440,811650,500,20,871,392,21473,0.5244,93129,0.4387,49779,0.4841,43822,0.4731,45226,0.4788,43896,0.4803,41846,0.4765,45314,0.4765,135180,0.4873,92946,0.5723,220512,0.5649
441,812553,500,31,1292,786,27254,0.5248,93055,0.4389,50817,0.4853,42428,0.4725,43525,0.4782,44895,0.4795,42303,0.4769,44763,0.4755,133955,0.4854,90807,0.5713,226005,0.5650
442,813780,500,24,987,764,23271,0.5248,92988,0.4388,51759,0.4860,41258,0.4737,43132,0.4775,45369,0.4795,42240,0.4777,44490,0.4753,132426,0.4844,89478,0.5715,230640,0.5655
443,814916,500,28,1114,730,24206,0.5250,92924,0.4385,52091,0.4871,41225,0.4743,42866,0.4768,44158,0.4799,42564,0.4764,44803,0.4759,130460,0.4826,89304,0.5712,234521,0.5655
444,816426,500,17,688,773,15800,0.5257,92907,0.4387,53765,0.4879,40179,0.4743,42485,0.4772,44673,0.4804,42112,0.4769,44730,0.4757,129436,0.4811,88861,0.5726,237278,0.5660
445,817454,500,29,1198,758,25302,0.5258,92860,0.4387,55269,0.4885,37980,0.4746,42048,0.4752,45329,0.4805,41839,0.4765,44610,0.4754,128110,0.4790,86939,0.5615,242470,0.5662
446,818746,500,24,962,731,19539,0.5262,92814,0.4390,56964,0.4890,36625,0.4750,41237,0.4752,45600,0.4801,42084,0.4770,44476,0.4760,126933,0.4792,86283,0.5363,245730,0.5658
447,819878,500,29,1153,698,22378,0.5269,92915,0.4389,58602,0.4896,35081,0.4748,40448,0.4748,45522,0.4804,41722,0.4766,44702,0.4758,126140,0.4790,85032,0.5167,249714,0.5652
448,821030,500,26,1102,730,23858,0.5270,92977,0.4389,59703,0.4905,33573,0.4739,40149,0.4755,45986,0.4805,41484,0.4760,44319,0.4766,124206,0.4789,84446,0.5060,254187,0.5653
449,822504,500,19,729,776,16498,0.5275,92953,0.4392,61356,0.4914,32255,0.4735,40604,0.4755,45503,0.4812,41486,0.4763,44169,0.4771,123352,0.4790,83735,0.4965,257091,0.5659
450,823136,500,26,1626,723,30337,0.5282,87842,0.4374,64823,0.4879,33457,0.4756,40048,0.4751,45436,0.4805,41646,0.4766,43856,0.4769,121053,0.4787,83694,0.4896,261281,0.5655
451,823529,500,29,1915,646,33072,0.5288,82527,0.4372,67851,0.4845,34906,0.4769,39555,0.4752,45297,0.4798,41934,0.4770,43562,0.4765,118573,0.4786,83471,0.4814,265853,0.5653
452,824622,500,21,1287,559,24344,0.5298,79843,0.4378,69261,0.4832,35898,0.4765,39648,0.4762,45240,0.4796,41923,0.4775,43501,0.4771,116800,0.4787,83457,0.4785,269051,0.5662
453,824739,500,37,2214,602,39416,0.5304,74164,0.4377,71473,0.4791,37990,0.4773,39133,0.4756,44924,0.4793,42046,0.4764,43348,0.4770,114007,0.4782,82981,0.4769,274673,0.5649
454,825894,500,20,1253,495,22131,0.5314,72444,0.4386,72202,0.4791,38947,0.4764,38826,0.4770,45149,0.4800,42058,0.4762,43200,0.4774,112864,0.4789,82550,0.4769,277654,0.5665
455,826743,500,27,1569,517,29223,0.5321,69982,0.4395,72487,0.4777,40189,0.4747,39313,0.4778,44738,0.4796,42210,0.4761,43034,0.4771,111076,0.4790,81829,0.4761,281885,0.5659
456,828144,500,18,1044,463,19948,0.5329,68856,0.4404,72922,0.4767,41027,0.4760,39546,0.4781,44617,0.4797,42293,0.4763,42839,0.4774,109833,0.4791,81610,0.4763,284601,0.5669
457,829367,500,23,1284,400,23657,0.5339,67363,0.4408,73343,0.4755,42303,0.4763,39013,0.4779,44778,0.4796,42396,0.4761,42643,0.4772,108395,0.4789,81315,0.4763,287818,0.5666
458,830981,500,16,900,392,17349,0.5348,67255,0.4410,73136,0.4759,42734,0.4753,39539,0.4793,44753,0.4794,42313,0.4764,42662,0.4776,107626,0.4790,80783,0.4766,290180,0.5673
459,832241,500,22,1244,419,23236,0.5354,66094,0.4407,73095,0.4750,43985,0.4761,39401,0.4778,44793,0.4797,42263,0.4762,42669,0.4777,106146,0.4787,80342,0.4767,293453,0.5669
460,833387,500,25,1402,371,26474,0.5356,64813,0.4410,72511,0.4736,45654,0.4765,39335,0.4776,44560,0.4794,42412,0.4762,42521,0.4779,104694,0.4783,79519,0.4773,297368,0.5665
461,834570,500,25,1394,330,25888,0.5360,64128,0.4411,71366,0.4731,46991,0.4761,39287,0.4775,44717,0.4794,42400,0.4764,42471,0.4777,103425,0.4781,78722,0.4774,301063,0.5626
462,835995,500,22,1195,296,21683,0.5368,64462,0.4416,69950,0.4734,48016,0.4749,39429,0.4784,44768,0.4791,42346,0.4772,42402,0.4773,102435,0.4783,77923,0.4776,304264,0.5537
463,837706,500,16,910,287,16467,0.5376,65197,0.4417,69210,0.4739,47931,0.4744,40350,0.4785,44781,0.4797,42226,0.4770,42400,0.4780,101784,0.4782,77309,0.4781,306518,0.5495
464,839378,500,19,943,300,18941,0.5383,65767,0.4422,68233,0.4734,48573,0.4745,40433,0.4784,44948,0.4794,42233,0.4773,42382,0.4780,100951,0.4779,76692,0.4785,309166,0.5459
465,840603,500,27,1409,283,26021,0.5388,66057,0.4427,66442,0.4730,49323,0.4736,40808,0.4780,44816,0.4793,42304,0.4770,42273,0.4780,99910,0.4776,75717,0.4779,312953,0.5443
466,841982,500,25,1283,277,23117,0.5394,66774,0.4430,65084,0.4724,49230,0.4733,41602,0.4782,44517,0.4794,42247,0.4772,42356,0.4783,98926,0.4777,74901,0.4777,316345,0.5437
467,843713,500,19,957,227,18261,0.5400,67810,0.4436,63904,0.4725,49589,0.4733,42033,0.4784,44485,0.4795,42194,0.4780,42288,0.4778,98171,0.4780,74281,0.4780,318958,0.5435
468,845082,500,25,1275,274,23628,0.5404,68578,0.4441,62015,0.4712,50323,0.4740,42129,0.4774,44630,0.4794,42253,0.4780,42169,0.4777,97221,0.4775,73361,0.4781,322403,0.5429
469,845979,500,35,1748,240,31806,0.5404,69308,0.4444,58806,0.4703,51039,0.4740,42725,0.4765,44613,0.4791,42165,0.4782,42120,0.4772,96052,0.4774,71871,0.4772,327280,0.5427
470,847057,500,29,1474,229,25307,0.5409,70567,0.4452,56777,0.4701,50136,0.4736,43636,0.4767,44717,0.4796,42062,0.4780,42082,0.4775,95330,0.4777,70769,0.4771,330981,0.5438
471,848535,500,22,1095,185,20163,0.5414,71924,0.4460,55282,0.4704,49667,0.4740,44230,0.4762,44775,0.4798,42141,0.4783,42013,0.4783,94599,0.4779,70091,0.4771,333813,0.5446
472,850536,500,15,734,87,13810,0.5423,73724,0.4464,54416,0.4708,49284,0.4739,44622,0.4760,44913,0.4805,42028,0.4787,42018,0.4785,94226,0.4782,69657,0.4773,335648,0.5455
473,852194,500,22,1102,48,19451,0.5428,75408,0.4467,52532,0.4702,49954,0.4739,44066,0.4755,45220,0.4802,42180,0.4785,41852,0.4780,93537,0.4777,68955,0.4774,338490,0.5454
474,853909,500,20,1067,41,15664,0.5440,77425,0.4470,51656,0.4705,49499,0.4735,43268,0.4753,45943,0.4801,42180,0.4789,41729,0.4777,93192,0.4781,68433,0.4774,340584,0.5460
475,855467,500,26,1234,50,20891,0.5448,79473,0.4474,49839,0.4718,48459,0.4725,44378,0.4751,45802,0.4801,41965,0.4782,41899,0.4779,92648,0.4781,67493,0.4775,343511,0.5457
476,857138,500,25,1123,50,22505,0.5452,80765,0.4472,48169,0.4714,48752,0.4731,44143,0.4745,46259,0.4800,41959,0.4778,41889,0.4787,91920,0.4780,66727,0.4773,346555,0.5463
477,858814,500,25,1120,51,21222,0.5459,82278,0.4471,46709,0.4722,48789,0.4718,44143,0.4749,46264,0.4802,41909,0.4777,41799,0.4785,91509,0.4782,65808,0.4769,349606,0.5468
478,860893,500,17,737,45,15199,0.5465,83845,0.4467,46173,0.4727,48796,0.4730,43533,0.4741,46742,0.4808,42108,0.4779,41612,0.4789,91032,0.4783,65509,0.4774,351543,0.5476
479,862848,500,20,881,41,16712,0.5473,85514,0.4466,45847,0.4738,47496,0.4720,44302,0.4746,46759,0.4804,41862,0.4774,41747,0.4797,90737,0.4779,64859,0.4772,353725,0.5478
480,864878,500,17,790,60,13881,0.5483,87189,0.4462,45496,0.4737,47527,0.4731,43661,0.4736,46865,0.4805,42104,0.4775,41693,0.4795,90227,0.4781,64698,0.4773,355418,0.5484
481,866454,500,28,1255,61,23248,0.5488,87746,0.4452,45690,0.4759,46200,0.4715,44001,0.4730,47169,0.4800,41920,0.4774,41549,0.4790,89910,0.4780,63851,0.4768,358418,0.5480
482,867891,500,30,1385,54,24687,0.5491,88250,0.4443,45395,0.4765,46046,0.4718,43402,0.4727,47232,0.4798,42360,0.4773,41222,0.4795,89150,0.4778,63115,0.4763,361719,0.5484
483,869467,500,28,1231,69,22820,0.5495,88806,0.4436,45899,0.4781,44757,0.4724,43434,0.4722,47265,0.4797,42342,0.4773,41293,0.4792,88675,0.4778,62384,0.4769,364612,0.5488
484,871586,500,16,734,46,15267,0.5499,89425,0.4428,46498,0.4792,44432,0.4729,43610,0.4720,47421,0.4807,42295,0.4774,41249,0.4793,88278,0.4783,61821,0.4773,366557,0.5495
485,873061,500,31,1373,38,22917,0.5508,90097,0.4418,47522,0.4801,42408,0.4726,43539,0.4711,47530,0.4800,42233,0.4765,41229,0.4788,87899,0.4780,61279,0.4765,369325,0.5487
486,874702,500,27,1243,21,21777,0.5512,90756,0.4408,47871,0.4811,41171,0.4729,43953,0.4706,47755,0.4806,41740,0.4767,41017,0.4784,87755,0.4780,60563,0.4768,372121,0.5488
487,876554,500,26,1082,12,19615,0.5521,91503,0.4394,48943,0.4830,39985,0.4728,43433,0.4708,48208,0.4803,41384,0.4768,41133,0.4780,87465,0.4779,60091,0.4772,374409,0.5487
488,878325,500,16,717,22,14556,0.5524,91747,0.4389,50066,0.4839,39740,0.4736,42783,0.4706,48275,0.4805,41716,0.4778,40910,0.4780,87229,0.4783,59777,0.4773,376082,0.5494
489,880190,500,23,1083,21,20230,0.5527,92526,0.4379,50112,0.4843,39361,0.4739,42806,0.4702,47998,0.4796,42110,0.4783,40707,0.4772,86699,0.4782,59135,0.4771,378736,0.5488
490,881891,500,22,1002,269,18041,0.5531,93044,0.4373,50893,0.4852,38884,0.4737,42379,0.4718,47244,0.4783,42950,0.4788,40714,0.4771,86160,0.4784,58766,0.4775,380857,0.5491
491,883055,500,24,1072,736,19357,0.5533,93068,0.4374,51873,0.4862,37215,0.4726,42880,0.4730,47106,0.4776,42967,0.4781,40772,0.4774,86057,0.4782,57814,0.4775,383303,0.5492
492,884353,500,21,946,733,17586,0.5533,93052,0.4377,52776,0.4878,36706,0.4714,42550,0.4733,46942,0.4773,43192,0.4783,40617,0.4775,85872,0.4785,57227,0.4779,385419,0.5496
493,885614,500,23,995,721,18142,0.5533,93120,0.4377,53495,0.4878,36523,0.4712,41910,0.4736,46591,0.4771,43292,0.4781,40898,0.4777,85277,0.4778,56810,0.4783,387698,0.5500
494,886802,500,25,1062,723,18124,0.5538,93091,0.4376,54974,0.4889,35278,0.4715,41323,0.4724,46670,0.4774,43482,0.4779,40855,0.4779,84759,0.4777,56739,0.4783,389631,0.5495
495,887930,500,27,1137,710,21054,0.5537,93062,0.4376,56054,0.4901,34133,0.4708,40787,0.4733,46527,0.4763,43969,0.4782,40482,0.4784,84711,0.4774,55889,0.4785,392316,0.5471
496,888944,500,28,1200,761,21147,0.5535,93059,0.4378,57040,0.4910,33492,0.4705,39576,0.4727,46850,0.4765,43821,0.4774,40389,0.4786,84402,0.4771,55408,0.4788,394907,0.5447
497,890360,500,21,828,740,17354,0.5534,93085,0.4378,57823,0.4921,32668,0.4697,40194,0.4737,46353,0.4762,43873,0.4779,40528,0.4786,83969,0.4773,54659,0.4790,397208,0.5439
498,891600,500,23,988,751,16128,0.5535,93105,0.4377,59377,0.4925,31674,0.4688,39430,0.4732,46609,0.4758,43860,0.4778,40481,0.4786,83520,0.4774,54597,0.4786,398947,0.5423
499,892950,500,21,850,778,16447,0.5535,93121,0.4379,61030,0.4931,30181,0.4695,39078,0.4732,46795,0.4753,43920,0.4782,40420,0.4789,83624,0.4772,53910,0.4787,400871,0.5407
